-- phpMyAdmin SQL Dump
-- version 4.1.8
-- http://www.phpmyadmin.net
--
-- Host: localhost:8889
-- Generation Time: Apr 29, 2014 at 04:47 AM
-- Server version: 5.5.34
-- PHP Version: 5.5.10

SET SQL_MODE = "NO_AUTO_VALUE_ON_ZERO";
SET time_zone = "+00:00";

--
-- Database: `Project Website`
--
CREATE DATABASE IF NOT EXISTS `Project Website` DEFAULT CHARACTER SET latin1 COLLATE latin1_swedish_ci;
USE `Project Website`;

-- --------------------------------------------------------

--
-- Table structure for table `athletes`
--

DROP TABLE IF EXISTS `athletes`;
CREATE TABLE `athletes` (
  `AthleteID` int(20) NOT NULL AUTO_INCREMENT,
  `First_Name` text,
  `Last_Name` text,
  `Year` text,
  `Height` text,
  `Weight` int(11) DEFAULT NULL,
  `City` text,
  `State_Country` text,
  `High_School` text,
  `Gender` char(1) DEFAULT NULL,
  PRIMARY KEY (`AthleteID`)
) ENGINE=InnoDB  DEFAULT CHARSET=latin1 AUTO_INCREMENT=1717 ;

--
-- Dumping data for table `athletes`
--

INSERT INTO `athletes` (`AthleteID`, `First_Name`, `Last_Name`, `Year`, `Height`, `Weight`, `City`, `State_Country`, `High_School`, `Gender`) VALUES
(101, 'Joe', 'Torres', 'Junior', '5-7', 160, 'Brooklyn', 'NY', 'Xaverian', 'M'),
(102, 'Rommel', 'Gramonte', 'Sophmore', '5-9', 155, 'Ossining', 'NY', 'Ossining', 'M'),
(103, 'Jimmy', 'Guiliano', 'Sophmore ', '5-9', 170, 'Ronkonkoma', 'NY', 'Connetquot', 'M'),
(104, 'Jordan', 'Gilruth', 'Senior', '6-1', 170, 'Leonardo', 'NJ', 'Christian Brothers Academy', 'M'),
(105, 'Steve', 'Basile', 'Sophmore', '5-11', 175, 'Watervliet', 'NY', 'Christian Brothers Academy', 'M'),
(106, 'Bobby', 'Vitulano', 'Junior', '5-11', 185, 'Hauppauge', 'NY', 'Hauppauge', 'M'),
(107, 'Thomas', 'Kriss', 'Senior', '6-1', 185, 'Islip', 'NY', 'Islip', 'M'),
(108, 'Sean', 'Menickella', 'Senior', '5-11', 195, 'Swedesboro', 'NJ', 'Paul VI', 'M'),
(109, 'Anthony', 'LaFauci', 'Senior', '6-0', 195, 'Brooklyn', 'NY', 'St. Edmund Prep', 'M'),
(110, 'Derrick', 'Bligh', 'Senior', '6-2', 205, 'Wayne', 'NJ', 'Wayne Valley', 'M'),
(111, 'Matthew', 'Kriss', 'Senior', '6-0', 185, 'Islip', 'NY', 'Islip', 'M'),
(112, 'Kenny', 'Dietrich', 'Senior', '6-2', 200, 'Matawan', 'NJ', 'Saint John Vianney', 'M'),
(113, 'Matt', 'Marley', 'Senior', '6-2', 205, 'Leonardo', 'NJ', 'Red Bank Catholic', 'M'),
(114, 'John', 'Nargoski', 'Sophmore', '5-10', 200, 'Wilkes-Barre', 'PA', 'Meyers', 'M'),
(115, 'Pete', 'Ladis', 'Senior', '6-1', 190, 'Yonkers', 'NY', 'Iona Prep', 'M'),
(116, 'Joe', 'Smith', 'Junior', '6-0', 190, 'Yorktown Heights', 'NY', 'John F. Kennedy', 'M'),
(117, 'Eddie', 'Macaluso', 'Junior', '5-11', 180, 'Islip', 'NY', 'Islip', 'M'),
(118, 'Matt', 'Hratko', 'Sophmore', '6-0', 185, 'Colonia', 'NJ', 'St. Joseph''s', 'M'),
(119, 'Chris', 'Sand', 'Senior', '6-0', 220, 'Altamont', 'NY', 'Christian Brothers Academy', 'M'),
(120, 'Stephen', 'Bianchi', 'Junior', '6-5', 205, 'Hopkington', 'MA', 'Hopkinton', 'M'),
(121, 'Conan', 'Leon', 'Senior', '6-3', 195, 'Brooklyn', 'NY', 'Archbishop MOlloy', 'M'),
(122, 'Scott', 'Glowaczewski', 'Sophmore', '6-3', 212, 'Florida', 'NY', 'SS Seward Institute', 'M'),
(123, 'Rob', 'Ambrosino', 'Sophmore', '5-11', 175, 'Bronx', 'NY', 'Iona Prep', 'M'),
(124, 'John', 'Daddino', 'Sophmore', '6-0', 215, 'Franklin Square', 'NY', 'Carey', 'M'),
(125, 'Zach', 'Brown', 'Freshman', '6-1', 205, 'Middlebury', 'CT', 'HolyCross', 'M'),
(126, 'Max', 'Bruckner', 'Freshman', '6-2', 180, 'Sleepy Hollow', 'NY', 'Harrison', 'M'),
(127, 'Matt', 'Byme', 'Freshman', '6-1', 175, 'Cary', 'IL', 'Cary-Grove', 'M'),
(128, 'Christian', 'Choman', 'Freshman', '6-5', 227, 'Hanover Town', 'PA', 'HolyRedeemer', 'M'),
(129, 'Vinny', 'DeMaria', 'Freshman', '5-10', 160, 'Yonkers', 'NY', 'Iona Prep', 'M'),
(130, 'Alex', 'Fishberg', 'Freshman', '5-11', 195, 'Suffern', 'NY', 'Suffern', 'M'),
(131, 'Jake', 'Kruz', 'Freshman', '6-1', 205, 'Bethpage', 'NY', 'St.Anthony''s', 'M'),
(132, 'Travis', 'Mistretta', 'Freshman', '5-11', 225, 'Manchester', 'CT', 'Manchester', 'M'),
(133, 'Carmine', 'Palummo', 'Freshman', '6-0', 170, 'Farmingdale', 'NJ', 'Howell', 'M'),
(134, 'Andrew', 'Pucillo', 'Freshman', '6-2', 220, 'Chappaqua', 'NY', 'Fordham Prep', 'M'),
(135, 'Mariano', 'Rivera', 'Sophmore', '5-11', 155, 'Harrison', 'NY', 'Iona Prep', 'M'),
(136, 'Mike', 'Sasso', 'Freshman', '6-1', 215, 'West Orange', 'NJ', 'Montclair Kimberly Academy', 'M'),
(137, 'Joseph', 'Sessa', 'Freshman', '6-2', 175, 'Staten Island', 'NY', 'Tottenville', 'M'),
(138, 'Dan', 'Smith', 'Freshman', '6-2', 190, 'Miller Place', 'NY', 'Miller Place', 'M'),
(139, 'Stephan', 'Stafford', 'Freshman', '6-0', 200, 'Plainview', 'NY', 'Plainview JFK', 'M'),
(201, 'Taaj', 'Ridley', 'Senior', '6-7', 215, 'Bronx', 'NY', 'John F. Kennedy', 'M'),
(202, 'DeSean ', 'Anderson', 'Junior', '6-8', 200, 'Inglewood', 'CA', 'Inglewood', 'M'),
(203, 'Lamont', 'Jones', 'Senior', '6-0', 196, 'Harlem', 'NY', 'Oak HIll Academy(VA)', 'M'),
(204, 'Tavon', 'ledge', 'Sophmore', '5-9', 175, 'Spring Valley', 'NY', 'Half Hollow Hills West', 'M'),
(205, 'AJ', 'English', 'Freshman', '6-4', 180, 'Wilmington', 'DE', 'Appoquinimink', 'M'),
(206, 'Deshawn', 'Gomez', 'Junior', '6-2', 180, 'Inglewood', 'CA', 'Inglewood', 'M'),
(207, 'Grant', 'Ellis', 'Freshman', '6-5', 195, 'Newark', 'NJ', 'Hudson Catholic', 'M'),
(208, 'Shawn', 'Jackson', 'Junior', '6-9', 250, 'Live Oak', 'FL', 'Melody Christian Academy', 'M'),
(209, 'David', 'Laury', 'Sophmore', '6-8', 240, 'East Orange', 'NJ', 'Nia Prep', 'M'),
(210, 'Sean', 'Armand', 'Junior', '6-4', 200, 'Brooklyn', 'NY', 'Jacqueline Onassis', 'M'),
(211, 'Tre', 'Bowman', 'Junior', '6-5', 195, 'York', 'PA', 'Central York', 'M'),
(212, 'Nyandigisi', 'Moikobu', 'Senior', '6-7', 205, 'Seattle', 'WA', 'Rainier Beach', 'M'),
(213, 'Curtis', 'Dennis', 'Senior', '6-5', 205, 'Bronx', 'NY', 'Blessed Sacrament-St.Gabriel', 'M'),
(301, 'Matt', 'Bayley', 'Senior', '5-6', 150, 'Wantirna', 'Australia', 'Hailbybury College', 'M'),
(302, 'Jake', 'Byrne', 'Sophmore', '5-7', 150, 'Mullingar', 'Ireland', 'St. Joseph''s Rochfortbridge', 'M'),
(303, 'Ronan', 'Callagy', 'Junior', '5-8', 151, 'Cortalndt Manor', 'NY', 'Hendrick Hudson', 'M'),
(304, 'Michael', 'Champagne', 'Junior', '5-9', 150, 'Plattsburgh', 'NY', 'Seton Catholic ', 'M'),
(305, 'Kieran', 'Clements', 'Freshman', '5-10', 152, 'Hadleigh', 'England', 'Hadleigh', 'M'),
(306, 'Daniel', 'Clorley', 'Graduate', '5-11', 150, 'Luton', 'England', 'Birmingham University', 'M'),
(307, 'Colin', 'Culhane', 'Senior', '6-0', 153, 'Sayville', 'NY', 'Sayville', 'M'),
(308, 'Brendan', 'Farrell', 'Junior', '6-1', 154, 'Fayetteville', 'NY', 'Fayetteville-Manlius', 'M'),
(309, 'Andrew', 'Genuario', 'Sophmore', '6-2', 154, 'Norwalk', 'CT', 'Fairfield Prep', 'M'),
(310, 'Matthew', 'Gillespie', 'Graduate', '6-3', 150, 'Dollar', 'Scotland', 'Glaslow University', 'M'),
(311, 'Robert', 'Glowacky', 'Sophmore', '6-4', 155, 'Brentwood', 'NH', 'Exeter', 'M'),
(312, 'Mitch', 'Goose', 'Graduate', '5-6', 150, 'Norwich', 'England', 'St. Mary''s Univ. College', 'M'),
(313, 'Sean', 'Grhoma', 'Freshman', '5-7', 155, 'North Easton', 'MA', 'Oliver Ames', 'M'),
(314, 'Shaquille', 'Henry', 'Freshman', '5-8', 150, 'Mount Vernon', 'NY', 'Mount Vernon', 'M'),
(315, 'Ethan', 'Heywood', 'Sophmore', '5-9', 156, 'Perth', 'Australia', 'University of Western Australia', 'M'),
(316, 'Kolbe', 'Jendzejec', 'Freshman', '5-10', 150, 'Chappaqua', 'NY', 'Horace Greeley', 'M'),
(317, 'Reed', 'Kochanek', 'Junior', '5-11', 157, 'South Windsor', 'CT', 'East Catholic', 'M'),
(318, 'Andrew', 'Kowalsky', 'Sophmore', '5-6', 150, 'Winsor', 'Ontario', 'Vincent Massey Secondary', 'M'),
(319, 'Nick', 'Lachman', 'Junior', '5-6', 158, 'Robbinsville', 'NJ', 'Robbinsville', 'M'),
(320, 'Craig', 'Murphy', 'Graduate', '5-9', 159, 'Cork', 'Ireland', 'Douglas Community', 'M'),
(321, 'Michael', 'O''Dowd', 'Sophmore', '5-6', 150, 'Colts Neck', 'NJ', 'Colts Neck', 'M'),
(322, 'Quinn', 'Raseman', 'Junior', '5-6', 160, 'East Setaket', 'NY', 'Ward-Melville', 'M'),
(323, 'Chris', 'Stogsdill', 'Senior', '5-8', 150, 'Syracuse', 'NY', 'Marcellus', 'M'),
(324, 'Jimmy', 'Tarsnane', 'Senior', '5-6', 150, 'Collegeville', 'PA', 'Perkiomen Valley', 'M'),
(325, 'Otis', 'Ubriaco', 'Sophmore', '5-10', 161, 'Glenville', 'NY', 'Burnt Hills', 'M'),
(326, 'Tim', 'Walsh', 'Freshman', '5-6', 150, 'Allentown', 'PA', 'Allentown High School', 'M'),
(401, 'Taylor', 'Bellemare', 'Sophmore', '5-8', 160, 'Hoosick Falls', 'NY', 'Hoosick Fall Central', 'M'),
(402, 'Scott', 'Gallo', 'Senior', '5-11', 150, 'Trumbull', 'CT', 'Trumbull', 'M'),
(403, 'Andrew', 'Graham', 'Senior', '5-11', 162, 'Lagrangeville', 'NY', 'Arlington', 'M'),
(404, 'Doug', 'Hoppe', 'Senior', '5-10', 140, 'LaSalle', 'Ontario', 'Sandwich Secondary', 'M'),
(405, 'Jordan', 'Kral', 'Junior', '5-10', 150, 'Amherstburg', 'Ontario', 'General Amherst', 'M'),
(406, 'Tom', 'McHugh', 'Sophmore', '5-9', 140, 'Highland Mills', 'NY', 'Monroe Woodbury', 'M'),
(407, 'Dylan', 'Newman', 'Senior', '5-9', 135, 'New Rochelle', 'NY', 'New Rochelle', 'M'),
(408, 'Sean', 'O''Shea', 'Senior', '5-11', 135, 'Monroe', 'NY', 'Monroe Woodbury', 'M'),
(409, 'Robert', 'Winters', 'Junior', '6-0', 170, 'Franklin Lakes', 'NJ', 'Rampo', 'M'),
(501, 'Nicholas ', 'Adams', 'Sophmore', '5-11', 170, 'Bethpage', 'NY', 'bETHPAGE', 'M'),
(502, 'Thomas', 'Baik', 'Sophmore', '5-8', 160, 'Bridgeport', 'CT', 'St. Josph', 'M'),
(503, 'Nickolas', 'Bortells', 'Junior', '6-0', 190, 'Ridgefield', 'CT', 'Ridgefield', 'M'),
(504, 'Rich', 'Buchheit', 'Freshman', '6-0', 175, 'Newburgh', 'NY', 'Newburgh Free Academy', 'M'),
(505, 'Anthony', 'Cirillo', 'Freshman', '5-10', 180, 'Massapequa', 'NY', 'Kellenberg', 'M'),
(506, 'Ryan', 'Clark', 'Freshman', '5-9', 160, 'Westmont', 'NJ', 'Haddon Township', 'M'),
(507, 'James', 'D''Acunti', 'Freshman', '5-11', 180, 'Dix Hills', 'NY', 'Half Hollows West', 'M'),
(508, 'Ryan', 'Dronzek', 'Freshman', '5-9', 160, 'New Rochelle', 'NY', 'Iona Prep', 'M'),
(509, 'Brian', 'Fairfiled', 'Freshman', '5-9', 160, 'Trumbull', 'NJ', 'Trumbull', 'M'),
(510, 'Matt', 'Ferrar', 'Freshman', '6-1', 180, 'Smithtown', 'NY', 'Smithtown East', 'M'),
(511, 'Andrew', 'Gabriel', 'Freshman', '6-2', 190, 'Laurelton', 'NY', 'Bayside', 'M'),
(512, 'Ryan', 'Harding', 'Sophmore', '6-0', 175, 'Wantagh', 'NY', 'Seaford', 'M'),
(513, 'Nieko', 'Hicks', 'Freshman', '6-1', 180, 'Bronx', 'NY', 'Riverdale Country', 'M'),
(514, 'Evan', 'Johnson', 'Junior', '6-3', 175, 'Worcester', 'MA', 'Claremont Academy', 'M'),
(515, 'Thomas', 'McNulty', 'Freshman', '6-1', 180, 'Worcester', 'MA', 'Claremont Academy', 'M'),
(516, 'Christopher', 'Palma', 'Freshman', '6-0', 180, 'New Milford', 'NJ', 'Bergen Catholic', 'M'),
(517, 'Scott', 'Rentz', 'Freshman', '6-2', 180, 'Buffalo', 'NY', 'St. Joseph''s Collegiate', 'M'),
(518, 'Adam', 'Roaldi', 'Freshman', '5-11', 180, 'Buffalo', 'NY', 'St. Joseph''s Collegiate', 'M'),
(519, 'Ethan', 'Roaldi', 'Freshman', '5-11', 180, 'Buffalo', 'NY', 'St. Joseph''s  Collegiate', 'M'),
(520, 'Paul', 'Ross', 'Freshman', '5-11', 180, 'Ronkonkoma', 'NY', 'Sachem North', 'M'),
(521, 'Jimmy', 'Schnedier', 'Freshman', '5-11', 180, 'Sweetwater', 'NJ', 'Oakcrewst', 'M'),
(522, 'Ernest', 'Stinebrickner', 'Junior', '5-11', 180, 'Schenectady', 'NY', 'Schenectady', 'M'),
(523, 'Robert', 'Strobel', 'Sophmore', '5-9', 160, 'Mahopac', 'NY', 'Mahopac', 'M'),
(601, 'Borja', 'Barbero', 'Sophmore', '6-2', 181, 'Valladolid', 'Spain', 'Apostolado', 'M'),
(602, 'Karlo', 'Morell', 'Freshman', '6-2', 176, 'Guaynabo', 'Puerto Rico', 'American Military ACademy', 'M'),
(603, 'Michael', 'Jordan', 'Senior', '6-2', 170, 'Jamison', 'PA', 'Holy Ghost Prep', 'M'),
(604, 'Paul', 'Traut', 'Junior', '6-3', 185, 'College Point', 'NY', 'Stuyvesant', 'M'),
(605, 'Ryan', 'Del Monaco', 'Sophmore', '6-0', 170, 'Enfield', 'CT', 'Enrico Fermi', 'M'),
(606, 'Giovanni', 'Tacconelli', 'Junior', '5-8', 140, 'Mt.Laurel', 'NJ', 'Lenape', 'M'),
(607, 'Douglas', 'Stephens', 'Senior', '5-8', 145, 'Houston', 'TX', 'Concordia Lutheran', 'M'),
(608, 'Robbie', 'Krohmer', 'Senior', '6-0', 175, 'Northport', 'NY', 'St. Anthony''s', 'M'),
(609, 'Alexander', 'Sibelait', 'Sophmore', '5-9', 165, 'Carson', 'France', 'Albert Camus', 'M'),
(610, 'Franklin', 'Castellanos', 'Junior', '5-6', 150, 'Dover', 'NJ', 'Dover', 'M'),
(611, 'Samuel', 'Adjei', 'Juniore', '5-10', 170, 'Newark', 'NJ', 'St. Benedict''s Prep', 'M'),
(612, 'Avaro', 'Torrecilla', 'Senior', '5-10', 160, 'Madrid', 'Spain', 'Hannibal La Grange', 'M'),
(613, 'Ignacio', 'Maganto', 'Sophmore', '5-7', 140, 'Madrid', 'Spain', 'Nstra. Sra. del Pilar', 'M'),
(614, 'Cody', 'Kiss', 'Freshman', '5-7', 145, 'Franklin', 'NJ', 'Franklin HS', 'M'),
(615, 'Kester', 'Guischard', 'Junior', '5-9', 140, 'Piscataway', 'NJ', 'Piscataway', 'M'),
(616, 'Giovanni', 'Esposito', 'Sophmore', '6-2', 155, 'Rivervale', 'NJ', 'Don Bosco Prep', 'M'),
(617, 'Michael', 'Hodgen', 'Junior', '5-7', 185, 'Centerville', 'UT', 'Bountiful', 'M'),
(618, 'Mike', 'Stabile', 'Junior', '5-9', 165, 'Staten Island', 'NY', 'St. Joseph by the Sea', 'M'),
(619, 'Mj', 'Nestor', 'Junior', '6-1', 150, 'Avalon', 'NJ', 'Wildwood Catholic', 'M'),
(620, 'Brais', 'Garcia', 'Sophmore', '6-1', 165, 'Madrid', 'Spain', 'IES Alameda de Osuna', 'M'),
(621, 'Ansger', 'Otto', 'Senior', '5-6', 150, 'Willingsboro', 'NJ', 'Stevenson University', 'M'),
(622, 'Tommy', 'Martin', 'Junior', '6-3', 180, 'Park City', 'UT', 'Park City', 'M'),
(623, 'Brendan', 'Ehrling', 'Senior', '6-0', 160, 'Westbury', 'NY', 'Carle Place', 'M'),
(624, 'Saul', 'Ortega', 'Freshman', '5-9', 160, 'Madrid', 'Spain', 'Getafe', 'M'),
(625, 'Jordan', 'Cunliffe', 'Senior', '5-8', 160, 'Ogden', 'UT', 'Bonneville', 'M'),
(626, 'Charlie', 'Butte', 'Sophmore', '6-4', 175, 'Belmont', 'MA', 'Belmont Hill', 'M'),
(627, 'Dylan', 'Cope', 'Freshman', '5-10', 160, 'New York', 'NY', 'Fordham Prep', 'M'),
(628, 'Julian', 'Petrello', 'Freshman', '6-3', 180, 'New York', 'NY', 'HS-Math,Science & Engineering', 'M'),
(629, 'Willya', 'Mekolo', 'Sophmore', '6-2', 190, 'New Rochelle', 'NY', 'Iona Prep', 'M'),
(630, 'Chris', 'Relihan', 'Junior', '6-1', 195, 'Pearl River', 'NY', 'Pearl River', 'M'),
(631, 'Alexander', 'Abdalla', 'Senior', '5-9', 145, 'Doylestown', 'PA', 'Central Bucks East', 'M'),
(701, 'Ryan', 'Bacci', 'Junior', '5-11', 145, 'Bayside', 'NY', 'St.Francis Prep', 'M'),
(702, 'Zach', 'Benoit', 'Senior', '5-11', 155, 'Agawam', 'MA', 'Agawam', 'M'),
(703, 'Kristian', 'Bocage', 'Senior', '6-1', 210, 'Port-ofSpain', 'Trinidad', 'St. Mary''s College', 'M'),
(704, 'Joseph', 'De Leone', 'Senior', '5-10', 170, 'Crooked River Ranch', 'OR', 'Redmond', 'M'),
(705, 'Vincent', 'DiNapoli', 'Freshman', '5-8', 150, 'San Diego', 'CA', 'Freedom', 'M'),
(706, 'Rafael', 'Duran', 'Freshman', '6-2', 175, 'Bronx', 'NY', 'Fordham', 'M'),
(707, 'Tyler', 'Elfert', 'Junior', '5-10', 180, 'Towson', 'MD', 'Loyola Blakefield', 'M'),
(708, 'Brian', 'France', 'Sophmore', '6-1', 155, 'Far Rockaway', 'NY', 'Christ the King', 'M'),
(709, 'Chris', 'Giovine', 'Junior', '6-1', 160, 'Long Valley', 'NJ', 'West Morris ', 'M'),
(710, 'Justin', 'Grigull', 'Junior', '6-0', 183, 'Coral Springs', 'FL', 'MS Douglas', 'M'),
(711, 'Brandon', 'Hadhazy', 'Freshman', '5-8', 150, 'Palos Heights', 'IL', 'Amos Alonzo', 'M'),
(712, 'Tommy', 'Keefe', 'Freshman', '6-4', 185, 'Libertyville', 'IL', 'Libertyville', 'M'),
(713, 'Nick', 'Kotonias', 'Junior', '5-9', 145, 'Burtonsville', 'MD', 'Dematha', 'M'),
(714, 'Scott', 'Martin', 'Freshman', '5-11', 175, 'New Milford', 'CT', 'New Milford', 'M'),
(715, 'Daniel', 'McGovern', 'Freshman', '5-10', 155, 'Plattsburgh', 'NY', 'Plattsburgh', 'M'),
(716, 'Denis', 'O''Conno', 'Junior', '6-2', 165, 'Rockaway Beach', 'NY', 'Archbishop Molloy', 'M'),
(717, 'Connor', 'Reid', 'Sophmore', '5-11', 150, 'Hanover', 'MA', 'Hanover', 'M'),
(718, 'Cody', 'Siemeck', 'Senior', '6-2', 210, 'Orland Park', 'IL', 'Carl Sandburg', 'M'),
(719, 'Matthew', 'Stelnicki', 'Junior', '5-10', 175, 'Chicago', 'IL', 'Brother Rice', 'M'),
(720, 'Lee', 'Stiles', 'Junior', '6-0', 180, 'Laderach', 'PA', 'Souderton', 'M'),
(721, 'Mark', 'Wallace', 'Junior', '6-3', 195, 'Lockport', 'NY', 'Lockport', 'M'),
(722, 'Michael', 'Wu', 'Senior', '5-8', 170, 'Woodbridge', 'CT', 'Amity Regional', 'M'),
(723, 'Chris', 'Wacobacci', 'Senior', '6-1', 162, 'Derby', 'CT', 'Notre Dame WH', 'M'),
(801, 'Stefen', 'Hill', 'Junior', '6-2', 205, 'Shillington', 'PA', 'Governor Mifflin', 'M'),
(802, 'Matt', 'McCrudden', 'Freshman', '6-0', 180, 'Fort Washington', 'PA', 'Fort High School', 'M'),
(803, 'Mike', 'Pufunt', 'Sophmore', '6-5', 185, 'Palos Heights', 'IL', 'Brother Rice', 'M'),
(804, 'James', 'Ramaley', 'Sophmore', '5-10', 170, 'Old Grenwich', 'CT', 'Greenwich', 'M'),
(805, 'Bryan', 'Driscoll', 'Junior', '6-2', 190, 'Tustin', 'CA', 'Foothill', 'M'),
(806, 'Kyle', 'Elmore', 'Sophmore', '6-4', 190, 'Murrieta', 'CA', 'Murrieta Valley', 'M'),
(807, 'Jonathan', 'Hernould', 'Junior', '6-0', 185, 'Kingston', 'Jamaca', 'Northfield Mt. Hermon', 'M'),
(808, 'Connor', 'Bracken', 'Senior', '5-11', 210, 'Blue Bell', 'PA', 'Bell Academy', 'M'),
(809, 'Ian', 'Thompson', 'Sophmore', '6-3', 215, 'Lansdale', 'PA', 'Lansdale Academy', 'M'),
(810, 'Jake', 'Lloyd', 'Sophmore', '6-3', 205, 'Sinking Spring', 'PA', 'Wilson', 'M'),
(811, 'Kevin', 'Caulfield', 'Senior', '5-9', 180, 'Oak Lawn', 'IL', 'Brother Rice', 'M'),
(812, 'Sean', 'Davis', 'Junior', '5-10', 175, 'Chicago', 'IL', 'Brother Rice', 'M'),
(813, 'Zach', 'Presto', 'Freshman', '6-3', 200, 'Pittsburgh', 'PA', 'North Allegheny', 'M'),
(814, 'Brandon', 'Crane', 'Senior', '6-4', 225, 'Collegeville', 'PA', 'Perkiomen Valley', 'M'),
(815, 'Eric', 'Corley', 'Sophmore', '6-0', 170, 'West Springfield', 'MA', 'Williston Northampton', 'M'),
(816, 'Nicholas', 'Joslyn', 'Sophmore', '6-0', 165, 'Chicago', 'IL', 'Brother Rice', 'M'),
(901, 'Sabrina', 'Jeridore', 'Junior', '6-3', 165, 'Queens', 'NY', 'Francis Lewis', 'F'),
(902, 'Haley', 'D''Angelo', 'Senior', '5-6', 155, 'Long Valley', 'NJ', 'West Morris Central', 'F'),
(903, 'Colleen', 'Connors', 'Freshman', '5-6', 160, 'Western Springs', 'IL', 'Lyons Twp. North', 'F'),
(904, 'Aleesha', 'Powell', 'Sophmore', '5-6', 140, 'Philadelphia', 'PA', 'William Penn Charter School', 'F'),
(905, 'Damika', 'Martinez', 'Sophmore', '5-7', 145, 'Meriden', 'CT', 'Orville H. Platt', 'F'),
(906, 'Jackie', 'Marshall', 'Junior', '5-8', 150, 'Hackensack', 'NJ', 'Hackensack', 'F'),
(907, 'Diana', 'Hubbard', 'Senior', '5-7', 160, 'East Orange', 'NJ', 'Bloomfield Tech', 'F'),
(908, 'Aaliyah', 'Robinson', 'Freshman', '5-9', 160, 'Brandford', 'CT', 'Wilbur Cross', 'F'),
(909, 'Jordan', 'Henry', 'Freshman', '6-3', 160, 'Waxhaw', 'NC', 'Marvin Ridge', 'F'),
(910, 'Kadesia', 'Johnson', 'Freshman', '5-8', 160, 'Kissimee', 'FL', 'Poinciana', 'F'),
(911, 'Joy', 'Adams', 'Freshman', '5-11', 160, 'Orlando', 'FL', 'Evans', 'F'),
(912, 'Christina', 'Rubin', 'Freshman', '5-9', 160, 'Staten Island', 'NY', 'Moore Catholic', 'F'),
(913, 'Cassidee', 'Ranger', 'Freshman', '5-10', 160, 'Chandler', 'AZ', 'Hamilton', 'F'),
(914, 'Jiya', 'Dorcas-Eya', 'Senior', '6-2', 160, 'Lagos', 'Nigeria', 'Northwest Florida State', 'F'),
(915, 'Shonice', 'Hawkins', 'Junior', '5-6', 160, 'Englewood', 'NJ', 'St. Anthony''s', 'F'),
(1001, 'Kate', 'Avery', 'Freshman', '5-6', 120, 'Newton Aycliffe', 'England', 'Downington College', 'F'),
(1002, 'Erin', 'Brady', 'Senior', '5-7', 120, 'Centereach', 'NY', 'St. Aythony''s', 'F'),
(1003, 'Shannon', 'Christie', 'Junior', '5-6', 120, 'Bay Shore', 'NY', 'Bay Shore', 'F'),
(1004, 'Nicole', 'Cochran', 'Graduate', '5-8', 120, 'Tacoma', 'WA', 'Bellarmine Prep', 'F'),
(1005, 'Marlene', 'Delices', 'Sophmore', '5-9', 120, 'New Rochelle', 'NY', 'New Rochelle', 'F'),
(1006, 'Erica', 'Fellin', 'Sophmore', '5-10', 120, 'North Massapequa', 'NY', 'Plainedge', 'F'),
(1007, 'Tara', 'Jameson', 'Junior', '5-6', 120, 'Wicklow', 'Ireland', 'Dominican College Wicklow', 'F'),
(1008, 'Marion', 'Joly-Testault', 'Senior', '5-11', 120, 'Gex', 'France', 'Lycee International de Ferney-Voltaire', 'F'),
(1009, 'Sheila', 'Kearney', 'Junior', '5-6', 120, 'Haddonfield', 'NJ', 'Haddonfield Memorial', 'F'),
(1010, 'Jenny', 'Kurz', 'Graduate', '5-4', 120, 'Dusseldorf', 'Germany', 'Scholossgymnasium Benarth', 'F'),
(1011, 'Leigh', 'Mazzella', 'Junior', '5-3', 120, 'Red Bank', 'NJ', 'Red Bank Catholic', 'F'),
(1012, 'Luci', 'McLoughlin', 'Senior', '5-2', 120, 'Stockport', 'England', 'Aquinas', 'F'),
(1013, 'Margaret', 'Moore', 'Sophmore', '5-1', 120, 'Pearl River', 'NY', 'Pearl River', 'F'),
(1014, 'Regina', 'Neumeyer', 'Sophmore', '5-1', 120, 'Immenstaad', 'Germany', 'Bildungszentrum Markdorf', 'F'),
(1015, 'Katie', 'Niblock', 'Junior', '5-6', 120, 'East Amherst', 'NY', 'Sweet Home', 'F'),
(1016, 'Sabrina', 'Reph', 'Junior', '5-6', 120, 'Central Valley', 'NJ', 'Monroe-Woodbury', 'F'),
(1017, 'Hollie', 'Rowland', 'Graduate', '5-6', 120, 'Monchengladbach', 'Germany', 'Univ. of East Anglia', 'F'),
(1018, 'Kristen', 'Stewart', 'Junior', '5-4', 120, 'Newmarket', 'Ontario', 'Newmarket', 'F'),
(1019, 'Reilly', 'Sullivan', 'Junior', '5-9', 120, 'Windham', 'ME', 'Windham', 'F'),
(1020, 'Cortney', 'Veilleux', 'Junior', '5-10', 120, 'Nashua', 'NH', 'Bishop Guertin', 'F'),
(1101, 'Nancy', 'Ibrahim', 'Senior', '5-4', 120, 'Lindenhurst', 'NY', 'Lindenhurt', 'F'),
(1102, 'Meghan', 'Testoni', 'Sophmore', '5-10', 120, 'Clinton', 'CT', 'The Morgan School', 'F'),
(1103, 'Brdget', 'Sickles', 'Junior', '5-7', 120, 'Yorktown', 'NY', 'Yorktown', 'F'),
(1104, 'Marisa', 'Tomsky', 'Sophmore', '5-2', 120, 'Lebanon', 'NJ', 'North Hunterdon', 'F'),
(1105, 'Mary Kate', 'McCormick', 'Freshman', '5-7', 120, 'Port JEfferson', 'NY', 'Comsewogue', 'F'),
(1106, 'Angela', 'Grous', 'Junior', '5-9', 120, 'Wasshington Township', 'NJ', 'Bishop Eustace Prep', 'F'),
(1107, 'Michelle', 'Whitham', 'Freshman', '5-4', 120, 'Alexandria', 'VA', 'St. Stephens & St. Agnes', 'F'),
(1108, 'Nicole', 'Brancaccio', 'Junior', '5-4', 120, 'Norwalk', 'CT', 'Norwalk', 'F'),
(1109, 'Amanda', 'Desmond', 'Freshman', '5-8', 120, 'Nothport', 'NY', 'Nothport', 'F'),
(1110, 'Lauren', 'Henwood', 'Senior', '5-9', 120, 'Chadds Ford', 'PA', 'Garnet Valley', 'F'),
(1111, 'Jenna', 'Stone', 'Junior', '5-1', 120, 'Wes Springfield', 'MA', 'West Springfield', 'F'),
(1112, 'Laura', 'Waldron', 'Freshman', '5-4', 120, 'Massapequa', 'NY', 'Massapequa', 'F'),
(1113, 'Casey', 'Palmer', 'Sophmore', '5-4', 120, 'Seaford', 'NY', 'Seaford', 'F'),
(1114, 'Brenna', 'Lade', 'Junior', '5-2', 120, 'Morristown', 'NJ', 'Morristown', 'F'),
(1115, 'Kylie', 'Gregory', 'Senior', '5-10', 120, 'Bethpage', 'NY', 'Bethpage', 'F'),
(1116, 'Nina', 'Veneziale', 'Junior', '5-7', 120, 'Old Bridge', 'NJ', 'Old Bridge', 'F'),
(1117, 'Hannah', 'Fasano', 'Freshman', '5-3', 120, 'Somers', 'CT', 'Ethel Walker', 'F'),
(1118, 'Chandler', 'Borrosh', 'Sophmore', '5-9', 120, 'Portsmouth', 'RI', 'Portsmouth', 'F'),
(1119, 'Bernadette', 'Gennaro', 'Sophmore', '5-9', 120, 'Havertown', 'PA', 'Archbishop Carroll', 'F'),
(1120, 'Anna', 'Kelly', 'Freshman', '5-6', 120, 'Fort Worth', 'TX', 'Timber Creek', 'F'),
(1121, 'Brittney', 'Mabus', 'Senior', '5-6', 120, 'Yorktown Heights', 'NY', 'Yorktown', 'F'),
(1122, 'Kristen', 'Flynn', 'Junior', '5-3', 120, 'Mineola', 'NY', 'Holy Trinity', 'F'),
(1123, 'Thea', 'Leitman', 'Freshman', '5-8', 120, 'Llyod Neck', 'NY', 'Cold Spring Harbor', 'F'),
(1124, 'Blaire', 'Nathanson', 'Sophmore', '5-10', 120, 'South Brunswick', 'NJ', 'South Brunswick', 'F'),
(1125, 'Maria', 'Ortiz', 'Junior', '5-4', 120, 'New Milford', 'CT', 'New Milford', 'F'),
(1201, 'Kate', 'Attwood', 'Freshman', '5-4', 120, 'Somers', 'NY', 'Somers', 'F'),
(1202, 'Phillicia', 'Bacchus', 'Sophmore', '5-5', 120, 'South Richmond Hill', 'NY', 'Christ THe King', 'F'),
(1203, 'Victoria', 'Baio', 'Sophmore', '5-7', 120, 'Islip Terrace', 'NY', 'East Islip', 'F'),
(1204, 'Elizabeth', 'Berry', 'Freshman', '5-7', 120, 'Bowie', 'MD', 'Elizabeth Seton', 'F'),
(1205, 'Amanda', 'Boyle', 'Sophmore', '5-8', 120, 'Middlefield', 'CT', 'Coginchaig Regional', 'F'),
(1206, 'Mary', 'Cain', 'Sophmore', '5-6', 120, 'West Nyack', 'NY', 'Clarkstown South', 'F'),
(1207, 'Olivia', 'Carey', 'Freshman', '5-6', 120, 'West Nyack', 'NY', 'Clarkstown South', 'F'),
(1208, 'Katherine', 'Carinha', 'Freshman', '5-1', 120, 'White Plains', 'NY', 'Academy of Our Lady of Good Counsel', 'F'),
(1209, 'Paula', 'Citera', 'Freshman', '5-3', 120, 'Brooklyn', 'NY', 'Christ The King', 'F'),
(1210, 'Elizabeth', 'Dellinger', 'Sophmore', '5-7', 120, 'Coronado', 'CA', 'Coronado', 'F'),
(1211, 'Stephanie', 'Hansen', 'Freshman', '5-5', 120, 'Melrose', 'MA', 'Mystic Valley Regional Charter', 'F'),
(1212, 'Chrisanne', 'Karcich', 'Senior', '5-2', 120, 'Oakdale', 'NY', 'St. John The Baptist', 'F'),
(1213, 'Jennifer', 'Kearns', 'Senior', '5-7', 120, 'BRooklyn', 'NY', 'Fontbonne Academy', 'F'),
(1214, 'Amanda', 'Kenny', 'Junior', '5-8', 120, 'Westbury', 'NY', 'W.T. Clarke', 'F'),
(1215, 'Savannah', 'Land', 'Sophmore', '5-6', 120, 'Warwick', 'RI', 'Toll Gate', 'F'),
(1216, 'Caitlin', 'McGurran', 'Freshman', '5-7', 120, 'Kings Park', 'NY', 'Kings Park', 'F'),
(1217, 'Devon', 'McKinley', 'Freshman', '5-7', 120, 'Grosse Pointe Woods', 'MI', 'Grosse Point North', 'F'),
(1218, 'Michelle', 'Morrison', 'Junior', '5-7', 120, 'Mineola', 'NY', 'Mineola', 'F'),
(1219, 'Elizabeth', 'Morse', 'Junior', '6-0', 120, 'Hope', 'RI', 'St. Mary Academy-Bay View', 'F'),
(1220, 'Andrea', 'Norris', 'Freshman', '5-4', 120, 'Somers', 'NY', 'Somers', 'F'),
(1221, 'Kaitlyn', 'Ragolia', 'Freshman', '5-7', 120, 'Hamilton', 'NJ', 'Nottingham', 'F'),
(1222, 'Sabrina', 'Rocha', 'Sophmore', '5-7', 120, 'Astoria', 'NY', 'Cathedral', 'F'),
(1223, 'Nicole', 'Sarnataro', 'Freshman', '5-7', 120, 'Astoria', 'NY', 'Cathedral', 'F'),
(1224, 'Cara', 'Scriven', 'Junior', '5-1', 120, 'Stony Brook', 'NY', 'Ward Melville', 'F'),
(1225, 'Nicole', 'Tobin', 'Sophmore', '5-6', 120, 'Brooklyn', 'NY', 'Bishop Kearny', 'F'),
(1226, 'Ashley', 'Tomblin', 'Junior', '5-5', 120, 'East Elmhurst', 'NY', 'Long Island City', 'F'),
(1227, 'Stephanie', 'Ulloa', 'Freshman', '5-4', 120, 'Jamaica', 'NY', 'Fashion Industry', 'F'),
(1228, 'Kara', 'Urso', 'Sophmore', '5-5', 120, 'Middletown', 'CT', 'Mercy', 'F'),
(1229, 'Chloe', 'Walker', 'Freshman', '5-6', 120, 'Grosse Pounte', 'MI', 'Grosse Point South', 'F'),
(1230, 'Kaitlyn', 'Zito', 'Freshman', '5-7', 120, 'Staten Island', 'NY', 'Tottenville', 'F'),
(1301, 'Trista', 'Rivera', 'Junior', '5-7', 120, 'Wading River', 'NY', 'Shoreham Wading River', 'F'),
(1302, 'Mackenzie', 'Stelljes', 'Freshman', '5-9', 120, 'Charlotte', 'NC', 'Ardey Kell', 'F'),
(1303, 'Alex', 'Chinich', 'Freshman', '5-2', 120, 'North Brinswick', 'NJ', 'North Brunswick', 'F'),
(1304, 'Sali', 'Ayinde', 'Sophmore', '5-7', 120, 'North Bellmore', 'NY', 'Wellington C. Mepham', 'F'),
(1305, 'Taylor', 'Boughber', 'Sophmore', '5-4', 120, 'Binghamton', 'NY', 'Chenango Forks', 'F'),
(1306, 'Natalie', 'Murphy', 'Sophmore', '5-3', 120, 'Wasr Islip', 'NY', 'St. Anthony''s', 'F'),
(1307, 'Sofia', 'Sanchez', 'Junior', '5-5', 120, 'Deer Park', 'NY', 'Deer Park', 'F'),
(1308, 'Laura', 'Jackson', 'Senior', '5-11', 120, 'London', 'England', 'WoodHouse Sixth Form', 'F'),
(1309, 'Carly', 'Haden', 'Junior', '5-3', 120, 'Howdell', 'NJ', 'Colts Neck', 'F'),
(1310, 'Christina', 'Tesoriero', 'Junior', '5-2', 120, 'East Meadow', 'NY', 'East Meadow', 'F'),
(1311, 'Leanne', 'Benson', 'Junior', '5-4', 120, 'Corlandt Manor', 'NY', 'Hendrick Hudson', 'F'),
(1312, 'Amanda', 'Cantos', 'Freshman', '5-6', 120, 'Wantagh', 'NY', 'MacAthur', 'F'),
(1313, 'Leah', 'Taylor', 'Senior', '5-5', 120, 'Allendale', 'NJ', 'Northern Highlands Regional', 'F'),
(1314, 'Shannon', 'Meara', 'Senior', '5-3', 120, 'Bayside', 'NY', 'Mary Louis Academy', 'F'),
(1315, 'Kelsey', 'Tierney', 'Freshman', '5-6', 120, 'Galloway', 'NJ', 'Abseganni', 'F'),
(1316, 'Chelsea', 'Cabarcas', 'Junior', '5-7', 120, 'College Point', 'NY', 'Bayside', 'F'),
(1317, 'Gabriella', 'Fuduli', 'Sophmore', '5-2', 120, 'East Meadow', 'NY', 'East Meadow', 'F'),
(1318, 'Safi', 'Ayinde', 'Sophmore', '5-7', 120, 'North Bellmore', 'NY', 'Wellington C. Mepham', 'F'),
(1319, 'Kim', 'Marra', 'Freshman', '5-7', 120, 'Sayville', 'NY', 'Sayville', 'F'),
(1320, 'Melissa', 'Frederick', 'Sophmore', '5-1', 120, 'Babylon', 'NY', 'West Babylon', 'F'),
(1321, 'Samantha', 'Fiorenzo', 'Sophmore', '5-3', 120, 'North Haledon', 'NJ', 'Northern Highlands Regional', 'F'),
(1322, 'Kara', 'Maguire', 'Freshman', '5-3', 120, 'Upper Montclair', 'NJ', 'Montclair', 'F'),
(1323, 'Katie', 'Higgins', 'Junior', '5-5', 120, 'Smithtown', 'NY', 'St. Anthony''s', 'F'),
(1324, 'Nicole', 'Paulucci', 'Junior', '5-6', 120, 'Manalapan', 'NJ', 'Freehold', 'F'),
(1325, 'Sara', 'Chandlee', 'Sophmore', '5-4', 120, 'Mansfield', 'TX', 'Nolan Catholic', 'F'),
(1326, 'Megan', 'Kleeschulte', 'Freshman', '5-8', 120, 'Vernon', 'NJ', 'Vernon Township', 'F'),
(1327, 'Hunter', 'Logan', 'Sophmore', '5-3', 120, 'Old Bridge', 'NJ', 'St. John Vianney', 'F'),
(1328, 'Jacquelyn', 'Gates', 'Junior', '5-7', 120, 'Smithtown', 'NY', 'Smithtown', 'F'),
(1401, 'Allison', 'Hand', 'Sophmore', '5-3', 120, 'Orange', 'CA', 'Orange Lutheran', 'F'),
(1402, 'Brianna', 'King', 'Freshman', '5-5', 120, 'Cranbury', 'NJ', 'West Windsor', 'F'),
(1403, 'Christine', 'Costello', 'Freshman', '5-8', 120, 'Simi Valley', 'CA', 'La Reina', 'F'),
(1404, 'Brianna', 'Schauer', 'Sophmore', '5-7', 120, 'Fairfield', 'NJ', 'West Essex', 'F'),
(1405, 'Carly', 'Argyle', 'Sophmore', '5-7', 120, 'Glendora', 'CA', 'Glendora', 'F'),
(1406, 'Eileen', 'McCann', 'Senior', '5-10', 120, 'Chino', 'CA', 'Chino', 'F'),
(1407, 'Beth', 'Kann', 'Senior', '5-9', 120, 'Oneida', 'NY', 'Oneida', 'F'),
(1408, 'Sydney', 'Dimon', 'Freshman', '5-7', 120, 'Elmira', 'NY', 'Notre Dame', 'F'),
(1409, 'Katie', 'Jansson', 'Junior', '5-10', 120, 'Princeton', 'NJ', 'South Brunswick', 'F'),
(1410, 'Sarah', 'Schutz', 'Freshman', '5-3', 120, 'Tarpon Springs', 'FL', 'East Lake', 'F'),
(1411, 'Jordan', 'Courage', 'Freshman', '5-9', 120, 'New Castle', 'CA', 'Del Oro', 'F'),
(1412, 'Jodi', 'Peterson', 'Senior', '5-3', 120, 'Riverside', 'CA', 'Martin Luther King', 'F'),
(1413, 'Cari', 'Anderson', 'Senior', '5-3', 120, 'Lansdale', 'PA', 'North Penn', 'F'),
(1501, 'Daniela', 'Beasley', 'Freshman', '5-5', 120, 'Attleboro', 'MA', 'Bishop Freehan', 'F'),
(1502, 'Alexa', 'Caravella', 'Freshman', '5-7', 120, 'Bayville', 'NJ', 'Monsignor Donovan', 'F'),
(1503, 'Ashley', 'Bresnahan', 'Sophmore', '5-4', 120, 'Trumbull', 'CT', 'Laurlton Hall', 'F'),
(1504, 'Jamie', 'Colburn', 'Senior', '5-2', 120, 'Agawam', 'MA', 'Agawam', 'F'),
(1505, 'Melanie', 'Dilascio', 'Junior', '5-8', 120, 'Stony Point', 'NY', 'North Rockland', 'F'),
(1506, 'Kerri-Anne', 'Dodenhoff', 'Junior', '5-6', 120, 'BEthpage', 'NY', 'Plainedge', 'F'),
(1507, 'Melissa', 'Dorsch', 'Freshman', '5-7', 120, 'Towson', 'MD', 'Notre Dame', 'F'),
(1508, 'Brigitte', 'Doughty', 'Junior', '5-6', 120, 'Nesonset', 'NY', 'Smithtown East', 'F'),
(1509, 'Briana', 'Gongloff', 'Senior', '5-4', 120, 'Monroeville', 'PA', 'Gateway', 'F'),
(1510, 'Theresa', 'Havey', 'Senior', '5-7', 120, 'Fairfax', 'VA', 'Virginia Elite', 'F'),
(1511, 'Samantha', 'Jaile', 'Sophmore', '5-7', 120, 'Hartsdale', 'NY', 'Holy Child', 'F'),
(1512, 'Kelsie', 'Johnson', 'Senior', '5-7', 120, 'Atlantic Highlands', 'NJ', 'Red Bank Catholic', 'F'),
(1513, 'Olivia', 'Kroll', 'Sophmore', '5-8', 120, 'New Canaan', 'CT', 'New Canaan', 'F'),
(1514, 'Mary Ellen', 'Mangione', 'Freshman', '5-8', 120, 'Parkville', 'MD', 'Notre Dame', 'F'),
(1515, 'Emma', 'Martinus', 'Freshman', '5-8', 120, 'Oak Forest', 'IL', 'Oak Forest', 'F'),
(1516, 'Leigh', 'Musselman', 'Freshman', '5-5', 120, 'Timonium', 'MD', 'Notre Dame', 'F'),
(1517, 'Kara', 'Nowakowski', 'Senior', '5-5', 120, 'Mokena', 'IL', 'Linclon-Way East', 'F'),
(1518, 'Cassidy', 'O''Connell', 'Freshman', '5-6', 120, 'Chicago', 'IL', 'Lane Tech', 'F'),
(1519, 'Victoria', 'Ponzo', 'Senior', '5-4', 120, 'Glendale', 'NY', 'The Maey Louis Academy', 'F'),
(1520, 'Alicia', 'Raffle', 'Freshman', '5-6', 120, 'Yardley', 'PA', 'Nazareth Academy', 'F'),
(1521, 'Maria', 'Skeivys', 'Junior', '5-4', 120, 'Bayside', 'NY', 'Archbishop Molloy', 'F'),
(1522, 'Katie', 'Stelnicki', 'Sophmore', '5-6', 120, 'Chicago', 'IL', 'St. Ignatius Prep', 'F'),
(1523, 'Brittany', 'Wallace', 'Sophmore', '5-3', 120, 'Niles', 'IL', 'Loyola Academy', 'F'),
(1601, 'Catrina', 'Warren', 'Sophmore', '6-0', 120, 'Rancho Cucamonga', 'CA', 'Los Osos', 'F'),
(1602, 'Natalie', 'Ziskin', 'Freshman', '5-8', 120, 'Burnt Hills', 'NY', 'Burnt HIlls', 'F'),
(1603, 'Katy', 'Crouse', 'Freshman', '5-10', 120, 'Cota de Caza', 'CA', 'Santa Margarita Catholic', 'F'),
(1604, 'Caris', 'Myles', 'Sophmore', '5-8', 120, 'Rancho Cucamonga', 'CA', 'Los Osos', 'F'),
(1605, 'Madisyn', 'Spence', 'Junior', '5-7', 120, 'Altadena', 'CA', 'Mayfield Senior School', 'F'),
(1606, 'Kiana', 'McAuley-Pomeroy', 'Freshman', '6-2', 120, 'Bedford', 'MA', 'Bedford', 'F'),
(1607, 'Ellen', 'Carberry', 'Junior', '5-9', 120, 'Oak Lawn', 'IL', 'Mother McAuley', 'F'),
(1608, 'Shannon', 'Ward', 'Sophmore', '5-11', 120, 'Fernley', 'NV', 'Frenley', 'F'),
(1609, 'Alicja', 'Pawelec', 'Junior', '5-10', 120, 'Glendale', 'NY', 'Francis Lewis', 'F'),
(1610, 'Stephanie', 'Roco', 'Senior', '5-8', 120, 'Wyckoff', 'NJ', 'Immaculate Heart', 'F'),
(1611, 'Taylor', 'Cembalisty', 'Sophmore', '5-11', 120, 'Carrolton', 'TX', 'Hebron', 'F'),
(1612, 'Kelsey', 'Hess', 'Junior', '5-10', 120, 'Laguna Niguel', 'CA', 'Aliso Niguel', 'F'),
(1613, 'Molly', 'O''Shea', 'Senior', '6-1', 120, 'San Francisco', 'CA', 'Convent of the Sacred Heart', 'F'),
(1614, 'McKenzie', 'Humann', 'Freshman', '6-0', 120, 'Lakewood', 'CO', 'Lakewood', 'F'),
(1615, 'Katie', 'Marabella', 'Sophmore', '5-8', 120, 'Santa Fe', 'TX', 'Sante Fe', 'F'),
(1701, 'Dana', 'Andrea', 'Freshman', '5-5', 120, 'Indian Creek', 'IL', 'Vernon Hills', 'F'),
(1702, 'Sara', 'Bortz', 'Freshman', '5-5', 120, 'Mohnton', 'PA', 'Governor Mifflin', 'F'),
(1703, 'Meghan', 'Mahoney', 'Freshman', '5-11', 120, 'Pittsburgh', 'PA', 'North Allegheny', 'F'),
(1704, 'Rebecca', 'Mathews', 'Freshman', '5-5', 120, 'Flossmoor', 'IL', 'Homewood Flossmoor', 'F'),
(1705, 'Taylor', 'Silva', 'Freshman', '5-6', 120, 'Houston', 'TX', 'Clear Lake', 'F'),
(1706, 'Ashley', 'DeMarzo', 'Sophmore', '5-4', 120, 'Costa Mesa', 'CA', 'Costa Mesa', 'F'),
(1707, 'Devin', 'Greem', 'Sophmore', '6-1', 120, 'Chicago', 'IL', 'Marian Catholic', 'F'),
(1708, 'Moncia', 'Stiles', 'Sophmore', '5-6', 120, 'Lederach', 'PA', 'Souderton', 'F'),
(1709, 'Hannah', 'Cross', 'Junior', '5-6', 120, 'Souderton', 'PA', 'Souderton', 'F'),
(1710, 'Marisa', 'Gaynor', 'Junior', '5-10', 120, 'Orlando', 'FL', 'Phillips', 'F'),
(1711, 'Sarah', 'Hanly', 'Junior', '5-7', 120, 'Manhattan', 'IL', 'Linclon Way Central', 'F'),
(1712, 'Erika', 'Lauraitis', 'Junior', '5-11', 120, 'Inverness', 'IL', 'William Fremd', 'F'),
(1713, 'Georgina', 'Lee', 'Junior', '5-7', 120, 'Longwood', 'FL', 'Lake Brantley', 'F'),
(1714, 'Amy', 'Olsen', 'Junior', '5-7', 120, 'Baytown', 'TX', 'Ross Sterling', 'F'),
(1715, 'Alyssa', 'Turza', 'Senior', '5-8', 120, 'Orland Park', 'IL', 'Sandburg', 'F'),
(1716, 'Joan', 'Doe', 'Sophmore', '5-7', 120, 'Piscataway', 'NJ', 'Piscataway High School', 'F');

-- --------------------------------------------------------

--
-- Table structure for table `athletesports`
--

DROP TABLE IF EXISTS `athletesports`;
CREATE TABLE `athletesports` (
  `athID` int(11) NOT NULL,
  `sportID` varchar(5) NOT NULL DEFAULT 'MB',
  PRIMARY KEY (`athID`,`sportID`),
  KEY `fk_AthleteSports_Sports1_idx` (`sportID`)
) ENGINE=InnoDB DEFAULT CHARSET=latin1;

--
-- Dumping data for table `athletesports`
--

INSERT INTO `athletesports` (`athID`, `sportID`) VALUES
(101, 'MB'),
(102, 'MB'),
(103, 'MB'),
(104, 'MB'),
(105, 'MB'),
(106, 'MB'),
(107, 'MB'),
(108, 'MB'),
(109, 'MB'),
(110, 'MB'),
(111, 'MB'),
(112, 'MB'),
(113, 'MB'),
(114, 'MB'),
(115, 'MB'),
(116, 'MB'),
(117, 'MB'),
(118, 'MB'),
(119, 'MB'),
(120, 'MB'),
(121, 'MB'),
(122, 'MB'),
(123, 'MB'),
(124, 'MB'),
(125, 'MB'),
(126, 'MB'),
(127, 'MB'),
(128, 'MB'),
(129, 'MB'),
(130, 'MB'),
(131, 'MB'),
(132, 'MB'),
(133, 'MB'),
(134, 'MB'),
(135, 'MB'),
(136, 'MB'),
(137, 'MB'),
(138, 'MB'),
(139, 'MB'),
(201, 'MBB'),
(202, 'MBB'),
(203, 'MBB'),
(204, 'MBB'),
(205, 'MBB'),
(206, 'MBB'),
(207, 'MBB'),
(208, 'MBB'),
(209, 'MBB'),
(210, 'MBB'),
(211, 'MBB'),
(212, 'MBB'),
(213, 'MBB'),
(301, 'MCCTF'),
(302, 'MCCTF'),
(303, 'MCCTF'),
(304, 'MCCTF'),
(305, 'MCCTF'),
(306, 'MCCTF'),
(307, 'MCCTF'),
(308, 'MCCTF'),
(309, 'MCCTF'),
(310, 'MCCTF'),
(311, 'MCCTF'),
(312, 'MCCTF'),
(313, 'MCCTF'),
(314, 'MCCTF'),
(315, 'MCCTF'),
(316, 'MCCTF'),
(317, 'MCCTF'),
(318, 'MCCTF'),
(319, 'MCCTF'),
(320, 'MCCTF'),
(321, 'MCCTF'),
(322, 'MCCTF'),
(323, 'MCCTF'),
(324, 'MCCTF'),
(325, 'MCCTF'),
(326, 'MCCTF'),
(401, 'MG'),
(402, 'MG'),
(403, 'MG'),
(404, 'MG'),
(405, 'MG'),
(406, 'MG'),
(407, 'MG'),
(408, 'MG'),
(409, 'MG'),
(501, 'MR'),
(502, 'MR'),
(503, 'MR'),
(504, 'MR'),
(505, 'MR'),
(506, 'MR'),
(507, 'MR'),
(508, 'MR'),
(509, 'MR'),
(510, 'MR'),
(511, 'MR'),
(512, 'MR'),
(513, 'MR'),
(514, 'MR'),
(515, 'MR'),
(516, 'MR'),
(517, 'MR'),
(518, 'MR'),
(519, 'MR'),
(520, 'MR'),
(521, 'MR'),
(522, 'MR'),
(523, 'MR'),
(601, 'MS'),
(602, 'MS'),
(603, 'MS'),
(604, 'MS'),
(605, 'MS'),
(606, 'MS'),
(607, 'MS'),
(608, 'MS'),
(609, 'MS'),
(610, 'MS'),
(611, 'MS'),
(612, 'MS'),
(613, 'MS'),
(614, 'MS'),
(615, 'MS'),
(616, 'MS'),
(617, 'MS'),
(618, 'MS'),
(619, 'MS'),
(620, 'MS'),
(621, 'MS'),
(622, 'MS'),
(623, 'MS'),
(624, 'MS'),
(625, 'MS'),
(626, 'MS'),
(627, 'MS'),
(628, 'MS'),
(629, 'MS'),
(630, 'MS'),
(631, 'MS'),
(701, 'MSD'),
(702, 'MSD'),
(703, 'MSD'),
(704, 'MSD'),
(705, 'MSD'),
(706, 'MSD'),
(707, 'MSD'),
(708, 'MSD'),
(709, 'MSD'),
(710, 'MSD'),
(711, 'MSD'),
(712, 'MSD'),
(713, 'MSD'),
(714, 'MSD'),
(715, 'MSD'),
(716, 'MSD'),
(717, 'MSD'),
(718, 'MSD'),
(719, 'MSD'),
(720, 'MSD'),
(721, 'MSD'),
(722, 'MSD'),
(723, 'MSD'),
(703, 'MWP'),
(704, 'MWP'),
(712, 'MWP'),
(718, 'MWP'),
(719, 'MWP'),
(720, 'MWP'),
(801, 'MWP'),
(802, 'MWP'),
(803, 'MWP'),
(804, 'MWP'),
(805, 'MWP'),
(806, 'MWP'),
(807, 'MWP'),
(808, 'MWP'),
(809, 'MWP'),
(810, 'MWP'),
(811, 'MWP'),
(812, 'MWP'),
(813, 'MWP'),
(814, 'MWP'),
(815, 'MWP'),
(816, 'MWP'),
(901, 'WBB'),
(902, 'WBB'),
(903, 'WBB'),
(904, 'WBB'),
(905, 'WBB'),
(906, 'WBB'),
(907, 'WBB'),
(908, 'WBB'),
(909, 'WBB'),
(910, 'WBB'),
(911, 'WBB'),
(912, 'WBB'),
(913, 'WBB'),
(914, 'WBB'),
(915, 'WBB'),
(1001, 'WCCTF'),
(1002, 'WCCTF'),
(1003, 'WCCTF'),
(1004, 'WCCTF'),
(1005, 'WCCTF'),
(1006, 'WCCTF'),
(1007, 'WCCTF'),
(1008, 'WCCTF'),
(1009, 'WCCTF'),
(1010, 'WCCTF'),
(1011, 'WCCTF'),
(1012, 'WCCTF'),
(1013, 'WCCTF'),
(1014, 'WCCTF'),
(1015, 'WCCTF'),
(1016, 'WCCTF'),
(1017, 'WCCTF'),
(1018, 'WCCTF'),
(1019, 'WCCTF'),
(1020, 'WCCTF'),
(1101, 'WL'),
(1102, 'WL'),
(1103, 'WL'),
(1104, 'WL'),
(1105, 'WL'),
(1106, 'WL'),
(1107, 'WL'),
(1108, 'WL'),
(1109, 'WL'),
(1110, 'WL'),
(1111, 'WL'),
(1112, 'WL'),
(1113, 'WL'),
(1114, 'WL'),
(1115, 'WL'),
(1116, 'WL'),
(1117, 'WL'),
(1118, 'WL'),
(1119, 'WL'),
(1120, 'WL'),
(1121, 'WL'),
(1122, 'WL'),
(1123, 'WL'),
(1124, 'WL'),
(1125, 'WL'),
(1201, 'WR'),
(1202, 'WR'),
(1203, 'WR'),
(1204, 'WR'),
(1205, 'WR'),
(1206, 'WR'),
(1207, 'WR'),
(1208, 'WR'),
(1209, 'WR'),
(1210, 'WR'),
(1211, 'WR'),
(1212, 'WR'),
(1213, 'WR'),
(1214, 'WR'),
(1215, 'WR'),
(1216, 'WR'),
(1217, 'WR'),
(1218, 'WR'),
(1219, 'WR'),
(1220, 'WR'),
(1221, 'WR'),
(1222, 'WR'),
(1223, 'WR'),
(1224, 'WR'),
(1225, 'WR'),
(1226, 'WR'),
(1227, 'WR'),
(1228, 'WR'),
(1229, 'WR'),
(1230, 'WR'),
(1301, 'WS'),
(1302, 'WS'),
(1303, 'WS'),
(1304, 'WS'),
(1305, 'WS'),
(1306, 'WS'),
(1307, 'WS'),
(1308, 'WS'),
(1309, 'WS'),
(1310, 'WS'),
(1311, 'WS'),
(1312, 'WS'),
(1313, 'WS'),
(1314, 'WS'),
(1315, 'WS'),
(1316, 'WS'),
(1317, 'WS'),
(1318, 'WS'),
(1319, 'WS'),
(1320, 'WS'),
(1321, 'WS'),
(1322, 'WS'),
(1323, 'WS'),
(1324, 'WS'),
(1325, 'WS'),
(1326, 'WS'),
(1327, 'WS'),
(1328, 'WS'),
(1401, 'WSB'),
(1402, 'WSB'),
(1403, 'WSB'),
(1404, 'WSB'),
(1405, 'WSB'),
(1406, 'WSB'),
(1407, 'WSB'),
(1408, 'WSB'),
(1409, 'WSB'),
(1410, 'WSB'),
(1411, 'WSB'),
(1412, 'WSB'),
(1413, 'WSB'),
(1501, 'WSD'),
(1502, 'WSD'),
(1503, 'WSD'),
(1504, 'WSD'),
(1505, 'WSD'),
(1506, 'WSD'),
(1507, 'WSD'),
(1508, 'WSD'),
(1509, 'WSD'),
(1510, 'WSD'),
(1511, 'WSD'),
(1512, 'WSD'),
(1513, 'WSD'),
(1514, 'WSD'),
(1515, 'WSD'),
(1516, 'WSD'),
(1517, 'WSD'),
(1518, 'WSD'),
(1519, 'WSD'),
(1520, 'WSD'),
(1521, 'WSD'),
(1522, 'WSD'),
(1523, 'WSD'),
(1510, 'WV'),
(1601, 'WV'),
(1602, 'WV'),
(1603, 'WV'),
(1604, 'WV'),
(1605, 'WV'),
(1606, 'WV'),
(1607, 'WV'),
(1608, 'WV'),
(1609, 'WV'),
(1610, 'WV'),
(1611, 'WV'),
(1612, 'WV'),
(1613, 'WV'),
(1614, 'WV'),
(1615, 'WV'),
(1515, 'WWP'),
(1518, 'WWP'),
(1522, 'WWP'),
(1701, 'WWP'),
(1702, 'WWP'),
(1703, 'WWP'),
(1704, 'WWP'),
(1705, 'WWP'),
(1706, 'WWP'),
(1707, 'WWP'),
(1708, 'WWP'),
(1709, 'WWP'),
(1710, 'WWP'),
(1711, 'WWP'),
(1712, 'WWP'),
(1713, 'WWP'),
(1714, 'WWP'),
(1715, 'WWP'),
(1716, 'WWP');

--
-- Triggers `athletesports`
--
DROP TRIGGER IF EXISTS `delete_numofAthletes`;
DELIMITER //
CREATE TRIGGER `delete_numofAthletes` AFTER DELETE ON `athletesports`
 FOR EACH ROW begin
update stats
set Num_Athletes = num_Athletes -1
where stats.sportID = old.sportID;
end
//
DELIMITER ;
DROP TRIGGER IF EXISTS `numofAthletes`;
DELIMITER //
CREATE TRIGGER `numofAthletes` AFTER INSERT ON `athletesports`
 FOR EACH ROW begin
update stats
set Num_Athletes = (select count(*) from athletesports where sportID = new.sportID 
group by sportID)
where stats.sportID = new.sportID;
end
//
DELIMITER ;

-- --------------------------------------------------------

--
-- Table structure for table `athposition`
--

DROP TABLE IF EXISTS `athposition`;
CREATE TABLE `athposition` (
  `athID` int(11) NOT NULL,
  `Pos` varchar(15) NOT NULL DEFAULT 'Enter Position',
  PRIMARY KEY (`athID`,`Pos`),
  KEY `fk_AthPosition_Athletes1_idx` (`athID`)
) ENGINE=InnoDB DEFAULT CHARSET=latin1;

--
-- Dumping data for table `athposition`
--

INSERT INTO `athposition` (`athID`, `Pos`) VALUES
(101, 'IF'),
(101, 'OF'),
(102, 'C'),
(103, 'OF'),
(104, 'RHP'),
(105, 'RHP'),
(106, 'IF'),
(107, 'RHP'),
(108, 'C'),
(109, 'RHP'),
(110, 'RHP'),
(111, 'IF'),
(112, 'RHP'),
(113, 'RHP'),
(114, 'LHP'),
(115, 'RHP'),
(116, 'OF'),
(117, 'LHP'),
(118, 'IF'),
(119, 'IF'),
(120, 'RHP'),
(121, 'RHP'),
(122, 'RHP'),
(123, 'RHP'),
(124, 'RHP'),
(125, '1B'),
(125, 'OF'),
(126, 'RHP'),
(127, 'IF'),
(128, '1B'),
(129, 'IF'),
(130, 'C'),
(131, 'RHP'),
(132, '1B'),
(132, 'OF'),
(133, 'C'),
(134, 'LHP'),
(135, 'OF'),
(135, 'RHP'),
(136, 'IF'),
(136, 'RHP'),
(137, 'OF'),
(138, '1B'),
(139, 'RHP'),
(201, 'F'),
(202, 'F'),
(203, 'G'),
(204, 'G'),
(205, 'G'),
(206, 'G'),
(207, 'F'),
(207, 'G'),
(208, 'C'),
(208, 'F'),
(209, 'F'),
(210, 'G'),
(211, 'G'),
(212, 'F'),
(213, 'G'),
(301, 'Distance'),
(302, 'Distance'),
(303, 'Mid. Distance'),
(304, 'Distance'),
(305, 'Distance'),
(306, 'Distance'),
(307, 'Distance'),
(308, 'Distance'),
(309, 'Mid. Distance'),
(310, 'Distance'),
(311, 'Mid. Distance'),
(312, 'Distance'),
(313, 'Mid. Distance'),
(314, 'Sprints'),
(315, 'Distance'),
(316, 'Mid. Distance'),
(317, 'Mid. Distance'),
(318, 'Distance'),
(319, 'Distance'),
(320, 'Distance'),
(321, 'Distance'),
(322, 'Distance'),
(323, 'Distance'),
(324, 'Distance'),
(325, 'Distance'),
(326, 'Distance'),
(401, 'N/A'),
(402, 'N/A'),
(403, 'N/A'),
(404, 'N/A'),
(405, 'N/A'),
(406, 'N/A'),
(407, 'N/A'),
(408, 'N/A'),
(409, 'N/A'),
(501, 'Novice'),
(502, 'Novice'),
(503, 'Varsity'),
(504, 'Varsity'),
(505, 'Novice'),
(506, 'Novice'),
(507, 'Novice'),
(508, 'Novice'),
(509, 'Novice'),
(510, 'Novice'),
(511, 'Novice'),
(512, 'Novice'),
(513, 'Novice'),
(514, 'Varsity'),
(515, 'Novice'),
(516, 'Varsity'),
(517, 'Novice'),
(518, 'Novice'),
(519, 'Novice'),
(520, 'Novice'),
(521, 'Novice'),
(522, 'Varsity'),
(523, 'Novice'),
(601, 'GK'),
(602, 'GK'),
(603, 'GK'),
(604, 'D'),
(605, 'MF'),
(606, 'MF'),
(607, 'MF'),
(608, 'D'),
(609, 'F'),
(610, 'MF'),
(611, 'F'),
(612, 'MF'),
(613, 'F'),
(613, 'MF'),
(614, 'MF'),
(615, 'D'),
(616, 'MF'),
(617, 'MF'),
(618, 'D'),
(619, 'MF'),
(620, 'F'),
(621, 'F'),
(621, 'MF'),
(622, 'MF'),
(623, 'D'),
(623, 'MF'),
(624, 'MF'),
(625, 'D'),
(626, 'D'),
(627, 'MF'),
(628, 'GK'),
(629, 'D'),
(630, 'D'),
(631, 'MF'),
(701, 'Free'),
(702, 'Free'),
(703, '2M'),
(703, 'Breast'),
(704, 'Free'),
(704, 'UT'),
(705, 'IM'),
(706, 'Fly'),
(707, 'IM'),
(708, 'Breast'),
(709, 'Breast'),
(710, 'Free'),
(711, 'Back'),
(712, 'Free'),
(712, 'UT'),
(713, 'Free'),
(714, 'Fly'),
(715, 'Fly'),
(716, 'Free'),
(717, 'Free'),
(718, 'IM'),
(718, 'UT'),
(719, 'Breast'),
(719, 'UT'),
(720, '2M'),
(720, 'Free'),
(721, 'Back'),
(722, 'Fly'),
(723, 'Breast'),
(801, 'G'),
(802, 'G'),
(803, 'G'),
(804, 'UT'),
(805, '2M'),
(806, 'UT'),
(807, 'UT'),
(808, 'UT'),
(809, '2M'),
(810, 'UT'),
(811, 'UT'),
(812, 'DR'),
(813, 'UT'),
(814, '2MD'),
(815, 'UT'),
(816, 'DR'),
(901, 'C'),
(902, 'G'),
(903, 'G'),
(904, 'G'),
(905, 'G'),
(906, 'G'),
(907, 'G'),
(908, 'G'),
(909, 'C'),
(910, 'G'),
(911, 'F'),
(912, 'F'),
(912, 'G'),
(913, 'F'),
(914, 'F'),
(915, 'G'),
(1001, 'Distance'),
(1002, 'Distance'),
(1003, 'Distance'),
(1004, 'Distance'),
(1005, 'Mid. Distance'),
(1006, 'Distance'),
(1007, 'Distance'),
(1008, 'Distance'),
(1009, 'Throws'),
(1010, 'Mid. Distance'),
(1011, 'Distance'),
(1012, 'Distance'),
(1013, 'Jumps'),
(1013, 'Sprints'),
(1014, 'Distance'),
(1015, 'Distance'),
(1016, 'Throws'),
(1017, 'Distance'),
(1018, 'Distance'),
(1019, 'Mid. Distance'),
(1020, 'Distance'),
(1101, 'GK'),
(1102, 'M'),
(1103, 'A'),
(1104, 'A'),
(1105, 'M'),
(1106, 'D'),
(1107, 'M'),
(1108, 'A'),
(1109, 'D'),
(1110, 'D'),
(1111, 'A'),
(1112, 'D'),
(1113, 'M'),
(1114, 'A'),
(1115, 'A'),
(1116, 'M'),
(1117, 'A'),
(1118, 'A'),
(1119, 'M'),
(1120, 'M'),
(1121, 'A'),
(1122, 'M'),
(1123, 'GK'),
(1124, 'GK'),
(1125, 'GK'),
(1201, 'Novice'),
(1202, 'Novice'),
(1203, 'Novice'),
(1204, 'Novice'),
(1205, 'Novice'),
(1206, 'Varsity'),
(1207, 'Novice'),
(1208, 'Novice'),
(1209, 'Novice'),
(1210, 'Varsity'),
(1211, 'Novice'),
(1212, 'Varsity'),
(1213, 'Varsity'),
(1214, 'Varsity'),
(1215, 'Novice'),
(1216, 'Novice'),
(1217, 'Novice'),
(1218, 'Varsity'),
(1219, 'Novice'),
(1220, 'Novice'),
(1221, 'Novice'),
(1222, 'Novice'),
(1223, 'Novice'),
(1224, 'Varsity'),
(1225, 'Novice'),
(1226, 'Varsity'),
(1227, 'Novice'),
(1228, 'Novice'),
(1229, 'Novice'),
(1230, 'Novice'),
(1301, 'GK'),
(1302, 'GK'),
(1303, 'F'),
(1304, 'D'),
(1305, 'D'),
(1306, 'MF'),
(1307, 'MF'),
(1308, 'D'),
(1309, 'F'),
(1310, 'MF'),
(1311, 'MF'),
(1312, 'F'),
(1313, 'D'),
(1314, 'D'),
(1315, 'D'),
(1316, 'MF'),
(1317, 'MF'),
(1318, 'F'),
(1319, 'D'),
(1320, 'F'),
(1321, 'F'),
(1322, 'MF'),
(1323, 'D'),
(1324, 'F'),
(1325, 'D'),
(1326, 'D'),
(1327, 'D'),
(1328, 'GK'),
(1401, 'IF'),
(1402, 'C'),
(1402, 'OF'),
(1403, 'IF'),
(1403, 'RHP'),
(1404, 'IF'),
(1405, 'RHP'),
(1406, 'OF'),
(1406, 'RHP'),
(1407, 'OF'),
(1407, 'UT'),
(1408, 'C'),
(1408, 'IF'),
(1409, 'C'),
(1409, 'UT'),
(1410, 'IF'),
(1410, 'OF'),
(1411, 'RHP'),
(1412, 'OF'),
(1412, 'UT'),
(1413, 'C'),
(1501, 'IM'),
(1502, 'Fly'),
(1503, 'Free'),
(1504, 'Diving'),
(1505, 'Diving'),
(1506, 'Breast'),
(1507, 'Free'),
(1508, 'Free'),
(1509, 'Diving'),
(1510, 'Free'),
(1510, 'L'),
(1511, 'Free'),
(1512, 'Back'),
(1513, 'Free'),
(1514, 'Breast'),
(1515, 'Free'),
(1515, 'UT'),
(1516, 'Back'),
(1517, 'Free'),
(1518, 'Free'),
(1518, 'UT'),
(1519, 'Free'),
(1520, 'Diving'),
(1521, 'IM'),
(1522, 'Breast'),
(1522, 'DR'),
(1523, 'Fly'),
(1601, 'MB'),
(1602, 'S'),
(1603, 'OH'),
(1604, 'S'),
(1605, 'OH'),
(1606, 'MB'),
(1607, 'DS'),
(1608, 'MB'),
(1609, 'OH'),
(1610, 'DS'),
(1611, 'OH'),
(1612, 'RS'),
(1613, 'RS'),
(1614, 'MB'),
(1615, 'OH'),
(1701, 'UT'),
(1702, 'UT'),
(1703, '2MD'),
(1704, '2M'),
(1705, 'UT'),
(1706, 'UT'),
(1707, 'G'),
(1708, 'UT'),
(1709, 'DR'),
(1710, 'G'),
(1711, 'UT'),
(1712, 'UT'),
(1713, 'FT'),
(1714, '2M'),
(1715, 'UT'),
(1716, '2M');

-- --------------------------------------------------------

--
-- Table structure for table `coaches`
--

DROP TABLE IF EXISTS `coaches`;
CREATE TABLE `coaches` (
  `coachID` varchar(10) NOT NULL,
  `sportID` varchar(45) DEFAULT NULL,
  `First_Name` text,
  `Last_Name` text,
  `Graduate_Year` text,
  `Alma_Mater` text,
  `Position` text,
  `Phone` text,
  PRIMARY KEY (`coachID`),
  UNIQUE KEY `coachID_UNIQUE` (`coachID`)
) ENGINE=InnoDB DEFAULT CHARSET=latin1;

--
-- Dumping data for table `coaches`
--

INSERT INTO `coaches` (`coachID`, `sportID`, `First_Name`, `Last_Name`, `Graduate_Year`, `Alma_Mater`, `Position`, `Phone`) VALUES
('MB01', 'MB', 'Pat', 'Carey', '1998', 'Providence', 'Head Coach', '914-633-2319'),
('MB02', 'MB', 'Rob', 'DiToma', '2005', 'Mercy', 'Assistant Coach', '914-633-2319'),
('MB03', 'MB', 'James', 'LaSala', '2006', 'Iona', 'Assistant Coach', '914-633-2319'),
('MBB01', 'MBB', 'Tim', 'Cluess', '1983', 'Hofstra', 'Head Coach', '914-633-2304'),
('MBB02', 'MBB', 'Jared', 'Grasso', '2002', 'Quinnipiac', 'Associate Head Coach', '914-633-2568'),
('MBB03', 'MBB', 'Zak', 'Boisvert', '2010', 'Fordham', 'Assistant Coach', '914-633-2367'),
('MBB04', 'MBB', 'Billy', 'Singleton', '1991', 'St John''s', 'Video Coordinator', '914-633-2113'),
('MBB05', 'MBB', 'Bill', 'O''Keefe', '1983', 'Queens College', 'Assistant Coach', '914-633-2113'),
('MBB06', 'MBB', 'Garee', 'Bryant', '1999', 'LIU Post', 'Director of Basketball', '914-633-2113'),
('MCCTF01', 'MCCTF', 'Richardo', 'Santos', '2000', 'Iona', 'Head Coach', '914-633-2314'),
('MCCTF02', 'MCCTF', 'Joe', 'Pienta', '2004', 'Albany', 'Assistant Coach', '914-633-2102'),
('MCCTF03', 'MCCTF', 'Brian', 'Chenoweth', '2009', 'Wartburg', 'Assistant Coach', '914-633-2102'),
('MG01', 'MG', 'Matt', 'Glovaski', '2001', 'Springfield', 'Associate AD/Internal Affairs', '914-633-2627'),
('MR01', 'MR', 'Thomas', 'Scifres', '2003', 'Bowdoin', 'Head Coach', '914-633-2031'),
('MR02', 'MR', 'Colleen', 'Ryan', '2009', 'Highland Falls', 'Assistant Coach', '914-633-2031'),
('MR03', 'MR', 'Lisa', 'Oneil', '2007', 'Iona ', 'Assistant Coach', '914-633-2031'),
('MR04', 'MR', 'John', 'Boyd', '2004', 'Iona', 'Assistant Coach', '914-633-2031'),
('MR05', 'MR', 'Br. Robert', 'Novak', '1972', 'Iona', 'Team Moderator ', '914-633-2031'),
('MS01', 'MS', 'Fernando', 'Barboto', '1994', 'Montclair State', 'Head Coach', '914-633-2315'),
('MS02', 'MS', 'Marcos', 'Monteagudo', '2006', 'Iona', 'Assistant Coach', '914-633-2315'),
('MS03', 'MS', 'Tom', 'Orbacz', '2009', 'Iona', 'Assistant Coach', '914-633-2332'),
('MSD01', 'MSD', 'Nick', 'Cavataro', '1977', 'Manhattan', 'Head Coach', '914-633-2323'),
('MSD02', 'MSD', 'Ryan', 'Harrell', '2007', 'Towson ', 'Assistant Coach', '914-633-2323'),
('MSD03', 'MSD', 'Robert', 'Parrinelli', '1986', 'Iona', 'Diving Coach', '914-633-2323'),
('MWP01', 'MWP', 'Brian', 'Kelly', '1994', 'Iona', 'Head Coach', '914-633-2313'),
('MWP02', 'MWP', 'Chris', 'Vidale', '2007', 'Iona', 'Assistant Coach', '914-633-2313'),
('MWP03', 'MWP', 'Mike', 'Judge', '1994', 'Iona', 'Volunteer Assistant Coach', '914-633-2313'),
('WBB01', 'WBB', 'Anthony', 'Bozzella', '1988', 'Seton Hall', 'Head Coach', '914-633-2321'),
('WBB02', 'WBB', 'Christi', 'Abbate', '1997', 'Binghamton', 'Associate Head Coach', '914-633-2678'),
('WBB03', 'WBB', 'Lauren', 'DeFalco', '2008', 'Iona', 'Assistant Coach', '914-633-2321'),
('WBB04', 'WBB', 'Tim', 'Gardner', '2003', 'Maryland', 'Director of Basketball Operations', '914-633-2321'),
('WBB05', 'WBB', 'Ashlee', 'Kelly', '2004', 'Quinnipiac', 'Assistant Coach', '914-637-7721'),
('WBB06', 'WBB', 'Eric', 'Alston', '2011', 'Iona', 'Assistant Director of Basketball Operations', '914-637-7721'),
('WCCTF01', 'WCCTF', 'Richardo', 'Santos', '2000', 'Iona', 'Head Coach', '914-633-2314'),
('WCCTF02', 'WCCTF', 'Joe', 'Pienta', '2004', 'Albany', 'Assistant Coach', '914-633-2102'),
('WCCTF03', 'WCCTF', 'Brian', 'Chenoweth', '2009', 'Wartburg', 'Assistant Coach', '914-633-2102'),
('WLAX01', 'WLAX', 'Michelle', 'Mason', '2005', 'Keene State', 'Head Coach', '914-637-2777'),
('WLAX02', 'WLAX', 'Caitlin', 'Jackson', '2009', 'Northwestern', 'Assistant Coach', '914-637-2777'),
('WLAX03', 'WLAX', 'Kristen', 'Russ', '2011', 'Iona', 'Volunteer Assistant Coach', '914-637-2777'),
('WR01', 'WR', 'Thomas', 'Scifres', '2003', 'Bowdoin', 'Head Coach', '914-633-2031'),
('WR02', 'WR', 'Colleen', 'Ryan', '2009', 'Highland Falls', 'Assistant Coach', '914-633-2031'),
('WR03', 'WR', 'Lisa', 'Oneil', '2007', 'Iona ', 'Assistant Coach', '914-633-2031'),
('WR04', 'WR', 'John', 'Boyd', '2004', 'Iona', 'Assistant Coach', '914-633-2031'),
('WR05', 'WR', 'Br. Robert', 'Novak', '1972', 'Iona', 'Team Moderator ', '914-633-2031'),
('WS01', 'WS', 'Mike', 'Barroqueiro', '2005', 'Rutgers', 'Head Coach', '914-633-2131'),
('WS02', 'WS', 'Taylor', 'Wilson', '2012', 'Seton Hall', 'Assistant Coach', '914-633-2131'),
('WSB01', 'WSB', 'Melissa', 'Inouye', '2002', 'UNLV', 'Head Coach', '914-637-7756'),
('WSD01', 'WSD', 'Nick', 'Cavataro', '1977', 'Manhattan', 'Head Coach', '914-633-2323'),
('WSD02', 'WSD', 'Ryan', 'Harrell', '2007', 'Towson ', 'Assistant Coach', '914-633-2323'),
('WSD03', 'WSD', 'Robert', 'Parrinelli', '1986', 'Iona', 'Diving Coach', '914-633-2323'),
('WVB01', 'WVB', 'Jon', 'Killingbeck', '2007', 'Central Washington', 'Head Coach', '914-633-2317'),
('WVB02', 'WVB', 'Laura', 'Kirschner', '2012', 'Skidmore', 'Assistant Coach', '914-633-2317'),
('WVB03', 'WVB', 'Nicole', 'Tamburri', '2011', 'Iona', 'Assistant Coach', '914-633-2317'),
('WWP01', 'WWP', 'Brian', 'Kelly', '1994', 'Iona', 'Head Coach', '914-633-2313'),
('WWP02', 'WWP', 'Chris', 'Vsidale', '2007', 'Iona', 'Assistant Coach', '914-633-2313'),
('WWP03', 'WWP', 'Mike', 'Judge', '1994', 'Iona', 'Volunteer Assistant Coach', '914-633-2313');

-- --------------------------------------------------------

--
-- Table structure for table `FavoriteAthletes`
--

DROP TABLE IF EXISTS `FavoriteAthletes`;
CREATE TABLE `FavoriteAthletes` (
  `Users_UserId` int(11) NOT NULL,
  `Athletes_athID` int(11) NOT NULL,
  KEY `fk_FavoriteAthletes_Users1_idx` (`Users_UserId`),
  KEY `fk_FavoriteAthletes_Athletes1_idx` (`Athletes_athID`)
) ENGINE=InnoDB DEFAULT CHARSET=latin1;

-- --------------------------------------------------------

--
-- Table structure for table `FavoriteTeams`
--

DROP TABLE IF EXISTS `FavoriteTeams`;
CREATE TABLE `FavoriteTeams` (
  `Users_UserId` int(11) NOT NULL,
  `Sports_sportID` varchar(5) NOT NULL,
  PRIMARY KEY (`Users_UserId`,`Sports_sportID`),
  KEY `fk_FavoriteTeams_Users1_idx` (`Users_UserId`),
  KEY `fk_FavoriteTeams_Sports1_idx` (`Sports_sportID`)
) ENGINE=InnoDB DEFAULT CHARSET=latin1;

--
-- Dumping data for table `FavoriteTeams`
--

INSERT INTO `FavoriteTeams` (`Users_UserId`, `Sports_sportID`) VALUES
(1, 'MBB'),
(1, 'MS'),
(1, 'WBB'),
(1, 'WS'),
(1, 'WSB'),
(1, 'WV'),
(5, 'MB'),
(5, 'MBB'),
(5, 'MCCTF');

-- --------------------------------------------------------

--
-- Table structure for table `majors`
--

DROP TABLE IF EXISTS `majors`;
CREATE TABLE `majors` (
  `athID` int(11) NOT NULL,
  `Major` varchar(60) DEFAULT 'Undecided',
  PRIMARY KEY (`athID`)
) ENGINE=InnoDB DEFAULT CHARSET=latin1;

--
-- Dumping data for table `majors`
--

INSERT INTO `majors` (`athID`, `Major`) VALUES
(101, 'English'),
(102, 'English'),
(103, 'English'),
(104, 'Undecided'),
(105, 'Undecided'),
(106, 'Undecided'),
(107, 'Undecided'),
(108, 'Finance'),
(109, 'Business Management'),
(110, 'Undecided'),
(111, 'Undecided'),
(112, 'Criminal Justice'),
(113, 'Criminal Justice'),
(114, 'Speech'),
(115, 'Undecided'),
(116, 'Criminal Justice'),
(117, 'Special Education'),
(118, 'Physics'),
(119, 'Mass Communications'),
(120, 'Business'),
(121, 'Business Finance'),
(122, 'Physics'),
(123, 'Physics'),
(124, 'International Studies'),
(125, 'Business'),
(126, 'Business'),
(127, 'Business'),
(128, 'Undecided'),
(129, 'Psychology'),
(130, 'Business'),
(131, 'Business'),
(132, 'Business'),
(133, 'Business'),
(134, 'Political Science'),
(135, 'Speech'),
(136, 'Speech'),
(137, 'International Studies'),
(138, 'Business'),
(139, 'Business'),
(201, 'Undecided'),
(202, 'Undecided'),
(203, 'Mass Communications'),
(204, 'Mass Communications'),
(205, 'Undecided'),
(206, 'Undecided'),
(207, 'Mathematics'),
(208, 'Marketing'),
(209, ' Accounting'),
(210, 'Undecided'),
(211, 'Undecided'),
(212, 'Mathematics'),
(213, 'Marketing'),
(301, 'Business'),
(302, 'Mathematics'),
(303, 'Mathematics'),
(304, 'Mathematics'),
(305, 'Undecided'),
(306, 'Undecided'),
(307, 'Undecided'),
(308, 'Undecided'),
(309, 'Undecided'),
(310, 'Undecided'),
(311, 'Undecided'),
(312, 'Undecided'),
(313, 'Biochemistry'),
(314, 'Biochemistry'),
(315, 'Biochemistry'),
(316, 'Biochemistry'),
(317, 'Undecided'),
(318, 'Undecided'),
(319, 'Undecided'),
(320, 'Undecided'),
(321, 'Undecided'),
(322, ' Accounting'),
(323, 'Criminal Justice'),
(324, 'Criminal Justice'),
(325, 'Criminal Justice'),
(326, 'Undecided'),
(327, 'Undecided'),
(401, 'Biochemistry'),
(402, 'Business Management'),
(403, 'Business'),
(404, 'Biochemistry'),
(405, 'Undecided'),
(406, 'Biochemistry'),
(407, 'Undecided'),
(408, 'Computer Science'),
(409, 'Undecided'),
(501, 'Finance'),
(502, 'Mass Communication'),
(503, 'Physics'),
(504, 'Business Administration'),
(505, 'Undecided'),
(506, 'Kinesiology'),
(507, 'Kinesiology'),
(508, 'Kinesiology '),
(509, 'Undecided'),
(510, 'Childhood Education'),
(511, 'Undecided'),
(512, 'Mathematics'),
(513, 'Business'),
(514, 'Mathematics'),
(515, 'Computer Science'),
(516, 'Undecided'),
(517, 'Undecided'),
(518, 'Childhood Education'),
(519, 'Childhood Education'),
(520, 'Childhood Education'),
(521, 'Undecided'),
(522, 'Undecided'),
(523, 'Accounting'),
(524, 'International Studies'),
(601, 'Undecided'),
(602, 'Speech Pathology'),
(603, 'Undecided'),
(604, 'Mathematics'),
(605, 'Business'),
(606, 'International Studies'),
(607, 'Business'),
(608, 'International Studies'),
(609, 'Undecided'),
(610, 'Computer Science'),
(611, 'Business'),
(612, 'International Business'),
(613, 'Pre-Physical Therapy'),
(614, 'Computer Science'),
(615, 'Business'),
(616, 'Biochemistry'),
(617, 'Kinesiology '),
(618, 'Business'),
(619, 'Kinesiology '),
(620, 'International Business'),
(621, 'Business'),
(622, 'Kinesiology '),
(623, 'Business'),
(624, 'Kinesiology '),
(625, 'Undecided'),
(626, 'Undecided'),
(627, 'Undecided'),
(628, 'Business Management'),
(629, 'Undecided'),
(701, 'International Studies'),
(702, 'Political Science'),
(703, 'Biochemistry'),
(704, 'Computer Science'),
(705, 'Business'),
(706, 'Business'),
(707, 'Business'),
(708, 'Undecided'),
(709, 'Business'),
(710, 'Business Administration'),
(711, 'Undecided'),
(712, 'Undecided'),
(713, 'Political Science'),
(714, 'Undecided'),
(715, 'Undecided'),
(716, 'Undecided'),
(717, 'Undecided'),
(718, 'Business Administration'),
(719, 'Undecided'),
(720, 'Business'),
(721, 'Criminal Justice'),
(722, 'Undecided'),
(723, 'Undecided'),
(801, 'Marketing'),
(802, 'Business'),
(803, 'Pre-Physical Therapy'),
(804, 'Business'),
(805, 'Business'),
(806, 'Business Marketing'),
(807, 'Biology'),
(808, 'Undecided'),
(809, 'Business Marketing'),
(810, 'Business'),
(811, 'Biochemistry'),
(812, 'Undecided'),
(813, 'Business Marketing'),
(814, 'Business'),
(815, 'Physics'),
(816, 'Undecided'),
(817, 'Finance'),
(818, 'International Business'),
(819, 'Business'),
(820, 'Education'),
(821, 'Computer Science'),
(822, 'Accounting'),
(901, 'Business Management'),
(902, 'Business'),
(903, 'Undecided'),
(904, 'Kinesiology '),
(905, 'Undecided'),
(906, 'Undecided'),
(907, 'Mass Communications'),
(908, 'Biology'),
(909, 'Undecided'),
(910, 'Undecided'),
(911, 'Undecided'),
(912, 'Physical Therapy'),
(913, 'Biology'),
(914, 'Business Management'),
(915, 'Undecided'),
(1001, 'Undecided'),
(1002, 'Undecided'),
(1003, 'Undecided'),
(1004, 'Business'),
(1005, 'Business'),
(1006, 'Business'),
(1007, 'Undecided'),
(1008, 'Undecided'),
(1009, 'Undecided'),
(1010, 'Undecided'),
(1011, 'Finance'),
(1012, 'Finance'),
(1013, 'Finance'),
(1014, 'Undecided'),
(1015, 'Undecided'),
(1016, 'Undecided'),
(1017, 'Undecided'),
(1018, 'Undecided'),
(1019, 'Undecided'),
(1020, 'Undecided'),
(1100, 'Chemistry'),
(1101, 'Undecided'),
(1102, 'Education'),
(1103, 'Mass Communication'),
(1104, 'Finance'),
(1105, 'Business'),
(1106, 'Finance'),
(1107, 'Psychology'),
(1108, 'Business'),
(1109, 'Undecided'),
(1110, 'Accounting'),
(1111, 'Accounting'),
(1112, 'Speech Pathology'),
(1113, 'Criminal Justice'),
(1114, 'Criminal Justice'),
(1115, 'Mass Communications'),
(1116, 'Undecided'),
(1117, 'Pre-Med'),
(1118, 'Undecided'),
(1119, 'Psychology'),
(1120, 'Elementary Education'),
(1121, 'Undecided'),
(1122, 'Undecided'),
(1123, 'Marketing'),
(1124, 'Criminal Justice'),
(1201, 'Undecided'),
(1202, 'Undecided'),
(1203, 'Biology'),
(1204, 'Undecided'),
(1205, 'Mass Communications'),
(1206, 'Childhood Education'),
(1207, 'Accounting'),
(1208, 'Undecided'),
(1209, 'Undecided'),
(1210, 'Mass Communications'),
(1211, 'Undecided'),
(1212, 'International Studies'),
(1213, 'Undecided'),
(1214, 'Business'),
(1215, 'Social Work'),
(1216, 'Business'),
(1217, 'Business'),
(1218, 'Criminal Justice'),
(1219, 'Undecided'),
(1220, 'Undecided'),
(1221, 'Undecided'),
(1222, 'Undecided'),
(1223, 'Undecided'),
(1224, 'Computer Science'),
(1225, 'Criminal Justice'),
(1226, 'Computer Science'),
(1227, 'Computer Science'),
(1228, 'Social Work'),
(1229, 'Social Work'),
(1230, 'Computer Science'),
(1301, 'Social Work'),
(1302, 'Undecided'),
(1303, 'Computer Science'),
(1304, 'Audiology'),
(1305, 'Audiology'),
(1306, 'Audiology'),
(1307, 'Undecided'),
(1308, 'Accounting'),
(1309, 'Accounting'),
(1310, 'Undecided'),
(1311, 'Accounting'),
(1312, 'Accounting'),
(1313, 'Accounting'),
(1314, 'Accounting'),
(1315, 'Undecided'),
(1316, 'Audiology'),
(1317, 'Undecided'),
(1318, 'Pre-Med'),
(1319, 'Speech Pathology'),
(1320, 'Speech Pathology'),
(1321, 'Speech Pathology'),
(1322, 'Speech Pathology'),
(1323, 'Pre-Med'),
(1324, 'Pre-Med'),
(1325, 'Finance'),
(1326, 'Finance'),
(1327, 'Finance'),
(1328, 'Pre-Med'),
(1329, 'Speech Pathology'),
(1330, 'Pre-Med'),
(1331, 'Speech Pathology'),
(1401, 'Undecided'),
(1402, 'Education'),
(1403, 'Business'),
(1404, 'Biology'),
(1405, 'Mass Communications'),
(1406, 'Mass Communications'),
(1407, 'Undecided'),
(1408, 'Speech Pathology'),
(1409, 'Social Work'),
(1410, 'International Studies'),
(1411, 'Speech Pathology'),
(1412, 'Accounting'),
(1413, 'Chemistry'),
(1501, 'Undecided'),
(1502, 'Audiology'),
(1503, 'Audiology'),
(1504, 'Audiology'),
(1505, 'Undecided'),
(1506, 'Physical Therapy'),
(1507, 'Psychology'),
(1508, 'Psychology'),
(1509, 'Business Management'),
(1510, 'Undecided'),
(1511, 'Psychology'),
(1512, 'Communications'),
(1513, 'Physical Therapy'),
(1514, 'Undecided'),
(1515, 'Psychology'),
(1516, 'Audiology'),
(1517, 'Biology'),
(1518, 'Audiology'),
(1519, 'Health Care Administration'),
(1520, 'Undecided'),
(1521, 'Biology'),
(1522, 'Chemistry'),
(1523, 'Psychology'),
(1601, 'Undecided'),
(1602, 'Physical Therapy'),
(1603, 'Business'),
(1604, 'Business'),
(1605, 'Business'),
(1606, 'Business'),
(1607, 'Business'),
(1608, 'Physical Therapy'),
(1609, 'Chemistry'),
(1610, 'Accounting '),
(1611, 'Social Work'),
(1612, 'Social Work'),
(1613, 'Business '),
(1614, 'Physical Therapy'),
(1615, 'Economics'),
(1616, 'Psychology'),
(1701, 'Undecided'),
(1702, 'Biochemistry'),
(1703, 'Undecided'),
(1704, 'International Studies'),
(1705, 'Undecided'),
(1706, 'Political Science'),
(1707, 'Elementary Education'),
(1708, 'Chemistry'),
(1709, 'Business Administration'),
(1710, 'Undecided'),
(1711, 'Undecided'),
(1712, 'Political Science'),
(1713, 'Business'),
(1714, 'Business'),
(1715, 'Political Science'),
(1716, 'Social Work');

-- --------------------------------------------------------

--
-- Table structure for table `schedule`
--

DROP TABLE IF EXISTS `schedule`;
CREATE TABLE `schedule` (
  `sportID` varchar(5) NOT NULL,
  `Date` date NOT NULL,
  `Time` time NOT NULL,
  `Time_of_Day` varchar(2) DEFAULT NULL,
  `Location` text,
  `Opponent` text,
  `Status` text,
  `Conf_Games` text,
  PRIMARY KEY (`sportID`,`Date`,`Time`),
  KEY `fk_Schedule_Sports1_idx` (`sportID`)
) ENGINE=InnoDB DEFAULT CHARSET=latin1;

--
-- Dumping data for table `schedule`
--

INSERT INTO `schedule` (`sportID`, `Date`, `Time`, `Time_of_Day`, `Location`, `Opponent`, `Status`, `Conf_Games`) VALUES
('MB', '2012-01-02', '02:00:00', 'PM', 'New Rochelle, NY', 'Navy', 'Lose', 'No'),
('MB', '2012-01-03', '01:00:00', 'PM', 'Poughkeepsie, NY', 'Marist', 'Win', 'Yes'),
('MB', '2012-01-04', '02:00:00', 'PM', 'Piscataway, NJ', 'Rutgers', 'Win', 'No'),
('MB', '2012-01-12', '03:30:00', 'PM', 'Miami, FL', 'Miami University', 'Lose', 'No'),
('MB', '2012-01-13', '04:00:00', 'PM', 'Miami, FL', 'Florida State', 'Lose', 'No'),
('MB', '2012-01-19', '03:30:00', 'PM', 'Hampton, Va', 'Hampton', 'Win', 'No'),
('MB', '2012-01-25', '02:00:00', 'PM', 'New Rochelle, NY', 'Santa Barbara', 'Win', 'No'),
('MB', '2012-02-03', '05:00:00', 'PM', 'New Rochelle, NY', 'Rider', 'Win', 'Yes'),
('MB', '2012-02-05', '02:00:00', 'PM', 'New Rochelle, NY', 'Manhattan', 'Win', 'Yes'),
('MB', '2012-02-12', '05:00:00', 'PM', 'Niagara Univ., NY', 'Niagara', 'Lose', 'Yes'),
('MBB', '2012-11-09', '09:00:00', 'PM', 'New Rochelle, NY', 'Denver', 'Win', 'No'),
('MBB', '2012-11-28', '07:00:00', 'PM', 'New Rochelle, NY', 'Niagara', 'Win', 'Yes'),
('MBB', '2012-12-05', '07:00:00', 'PM', 'Jersey City, NJ', 'Saint Peter''s', 'Lose', 'Yes'),
('MBB', '2012-12-08', '09:30:00', 'PM', 'Madison Square Garden', 'Rutgers', 'Win', 'No'),
('MBB', '2012-12-15', '05:00:00', 'PM', 'Athens, GA', 'Georgia', 'Lose', 'No'),
('MBB', '2012-12-18', '07:00:00', 'PM', 'New Rochelle, NY', 'Liberty', 'Win', 'No'),
('MBB', '2012-12-20', '07:00:00', 'PM', 'Philadelphia, PA', 'La Salle', 'Lose', 'No'),
('MBB', '2012-12-23', '02:00:00', 'PM', 'New Rochelle, NY', 'Norfolk State', 'Lose', 'No'),
('MBB', '2012-12-28', '07:00:00', 'PM', 'Philadelphia, PA', 'Saint Joseph''s', 'Win', 'No'),
('MBB', '2012-12-31', '01:00:00', 'PM', 'Olean, NY', 'Saint Bonaventure', 'Win', 'No'),
('MBB', '2013-01-04', '07:00:00', 'PM', 'Albany, NY', 'Siena', 'Lose', 'Yes'),
('MBB', '2013-01-06', '05:00:00', 'PM', 'New Rochelle, NY', 'Manhattan', 'Win', 'Yes'),
('MBB', '2013-01-10', '07:00:00', 'PM', 'Poughkeepsie', 'Marist', 'Win', 'Yes'),
('MBB', '2013-01-13', '02:00:00', 'PM', 'New Rochelle, NY', 'Canisius', 'Win', 'Yes'),
('MBB', '2013-01-18', '09:00:00', 'PM', 'New Rochelle, NY', 'Fairfield', 'Win', 'Yes'),
('MBB', '2013-01-20', '02:00:00', 'PM', 'Lawrenceville', 'Rider', 'Win', 'Yes'),
('MBB', '2013-01-25', '07:00:00', 'PM', 'New Rochelle, NY', 'Saint Peter''s', 'Lose', 'Yes'),
('MBB', '2013-01-27', '12:00:00', 'PM', 'Baltimore', 'Loyola Maryland', 'Lose', 'Yes'),
('MBB', '2013-01-31', '07:00:00', 'PM', 'Niagara Univ, NY', 'Niagara', 'Lose', 'Yes'),
('MBB', '2013-02-02', '07:00:00', 'PM', 'Buffalo, NY', 'Canisius', 'Win', 'Yes'),
('MBB', '2013-02-07', '07:00:00', 'PM', 'New Rochelle, NY', 'Marist', 'Win', 'Yes'),
('MBB', '2013-02-09', '07:00:00', 'PM', 'New Rochelle, NY', 'Rider', 'Lose', 'Yes'),
('MBB', '2013-02-15', '07:00:00', 'PM', 'Riverdale, NY', 'Manhattan', 'Lose', 'Yes'),
('MBB', '2013-02-18', '07:00:00', 'PM', 'Bridgeport, CT', 'Fairfield', 'Lose', 'Yes'),
('MBB', '2013-03-01', '07:00:00', 'PM', 'New Rochelle, NY', 'Loyola Maryland', 'Lose', 'Yes'),
('MBB', '2013-03-03', '02:00:00', 'PM', 'New Rochelle, NY', 'Siena', 'Lose', 'Yes'),
('MCCTF', '2012-09-01', '09:30:00', 'AM', 'Poughkeepsie, NY - Bowdoin Park', 'Marist Invitational', 'Lose', 'No'),
('MCCTF', '2012-09-15', '10:15:00', 'AM', 'Van Cortlandi Park', 'Br. Doyle Meet of Champions', 'Lose', 'No'),
('MCCTF', '2012-09-20', '08:00:00', 'AM', 'Van Cortlandi Park', 'Iona Annual Meet', 'Win', 'No'),
('MCCTF', '2012-09-29', '11:00:00', 'AM', 'Louisville, KY - U. of Louisville', 'Greater Louisville Classic - Gold Race', 'Win', 'No'),
('MCCTF', '2012-10-05', '02:30:00', 'PM', 'Van Cortlandi Park', 'Metropolitan Championship', 'Lose', 'No'),
('MCCTF', '2012-10-12', '12:45:00', 'PM', 'Madison, WI - U. of Wisconsin', 'Wisconsin Adidas Invitational', 'Lose', 'No'),
('MCCTF', '2012-10-13', '10:30:00', 'AM', 'Princeton, NJ - Princeton U.', 'Princeton Invitational', 'Win', 'No'),
('MCCTF', '2012-10-27', '08:00:00', 'AM', 'Lake Buena Vista, Fl - Disney''s Wide World of Sports', 'MAAC Championship', 'Win', 'Yes'),
('MCCTF', '2012-11-09', '01:15:00', 'PM', 'Madison, CT - Hammonasset State Park', 'NCAA Northeast Regional Championship', 'Win', 'No'),
('MCCTF', '2012-11-17', '01:15:00', 'PM', 'Univ. of Louisville, Louisville, KY', 'NCAA Championship', 'Win', 'No'),
('MCCTF', '2012-11-17', '11:00:00', 'AM', 'Van Cortlandi Park', 'IC4A Championship', 'Lose', 'No'),
('MG', '2012-09-08', '11:00:00', 'AM', 'Wethersfield Country Club', 'Central Connecticut Invite', 'Win', 'No'),
('MG', '2012-09-09', '11:00:00', 'AM', 'Wethersfield Country Club', 'Central Connecticut Invite', 'Lose', 'No'),
('MG', '2012-09-24', '11:00:00', 'AM', 'Bull''s Bridge Gulf Club', 'Hartford Hawks Inivitational', 'Lose', 'No'),
('MG', '2012-09-25', '11:00:00', 'AM', 'Bull''s Bridge Gulf Club', 'Hartford Hawks Inivitational', 'Lose', 'No'),
('MG', '2012-10-02', '11:00:00', 'AM', 'Winged Foot GC', 'University College Dublin', 'Win', 'No'),
('MG', '2012-10-03', '11:00:00', 'AM', 'Cherry Valley Club', 'University College Dublin', 'Win', 'No'),
('MG', '2012-10-04', '11:00:00', 'AM', 'Westerchester Country Club', 'University College Dublin', 'Win', 'No'),
('MG', '2012-10-08', '11:00:00', 'AM', 'Ellingtion Ridge Country Club', 'Connecticut Cup', 'Win', 'No'),
('MG', '2012-10-09', '11:00:00', 'AM', 'Ellingtion Ridge Country Club', 'Connecticut Cup', 'Lose', 'No'),
('MG', '2012-10-21', '11:00:00', 'AM', 'Fairmont Country Club', 'Seton Hall Invite', 'Lose', 'No'),
('MG', '2012-10-22', '11:00:00', 'AM', 'Fairmont Country Club', 'Seton Hall Invite', 'Lose', 'No'),
('MG', '2012-11-15', '03:30:00', 'PM', 'New Rochelle, NY', 'Iona Annual  Golf Tournament', 'Win', 'No'),
('MR', '2012-10-06', '07:00:00', 'AM', 'Shelton, CT', 'Head of the Housationic', 'Win', 'No'),
('MR', '2012-10-20', '07:00:00', 'AM', 'Boston, MA', 'Head if the Charles', 'Lose', 'No'),
('MR', '2012-10-28', '07:00:00', 'AM', 'New Rochelle, NY', 'Fall Metropolitan Champions', 'Win', 'No'),
('MR', '2013-04-06', '07:00:00', 'AM', 'Shelton, CT', 'Sacred Heart Invitational', 'Lose', 'No'),
('MR', '2013-04-07', '07:00:00', 'AM', 'Shelton, CT', 'Sacred Heart Invitational', 'Win', 'No'),
('MR', '2013-04-13', '07:00:00', 'AM', 'New Rochelle, NY', 'Spring Metropolitan Championships', 'Lose', 'No'),
('MR', '2013-04-20', '07:00:00', 'AM', 'West Point, NY', 'President''s Cup', 'Win', 'No'),
('MR', '2013-04-27', '07:00:00', 'AM', 'Lake Mercer, NJ', 'MAAC Champions', 'Lose', 'No'),
('MR', '2013-05-10', '07:00:00', 'AM', 'Philadelphia, PA', 'Dad Vail Regatta', 'Win', 'No'),
('MR', '2013-05-11', '07:00:00', 'AM', 'Philadelphia, PA', 'Dad Vail Regatta', 'Lose', 'No'),
('MS', '2012-08-24', '07:00:00', 'PM', 'Garden City, NY', 'Adelphi', 'Win', 'No'),
('MS', '2012-08-26', '01:00:00', 'PM', 'New Rochelle, NY', 'UC Riverdale', 'Lose', 'No'),
('MS', '2012-08-31', '07:30:00', 'PM', 'West Point, NY', 'Army', 'Win', 'No'),
('MS', '2012-09-06', '05:30:00', 'PM', 'Tampa, Fl', 'Florida Gulf Coast', 'Win', 'No'),
('MS', '2012-09-08', '07:30:00', 'PM', 'Tampa, Fl', 'South Florida', 'Lose', 'No'),
('MS', '2012-09-14', '08:30:00', 'PM', 'Evanston, IL', 'Northwestern', 'Lose', 'No'),
('MS', '2012-09-16', '12:30:00', 'PM', 'Evanston, IL', 'Northern Illinois', 'Win', 'No'),
('MS', '2012-09-22', '02:00:00', 'PM', 'New Rochelle, NY', 'Monmouth', 'Win', 'No'),
('MS', '2012-09-26', '07:00:00', 'PM', 'Morgantown, WV', 'West Virginia', 'Lose', 'No'),
('MS', '2012-10-06', '02:00:00', 'PM', 'New Rochelle, NY', 'Fairfield', 'Win', 'Yes'),
('MS', '2012-10-09', '07:00:00', 'PM', 'Storrs, CT', 'Connecticut', 'Lose', 'No'),
('MS', '2012-10-12', '07:00:00', 'PM', 'Riverdale, NY', 'Manhattan', 'Win', 'Yes'),
('MS', '2012-10-14', '01:00:00', 'PM', 'Jersey CIty, NJ', 'Saint Peter''s', 'Win', 'Yes'),
('MS', '2012-10-19', '03:00:00', 'PM', 'New Rochelle, NY', 'Loyola Maryland', 'Win', 'Yes'),
('MS', '2012-10-21', '01:00:00', 'PM', 'New Rochelle, NY', 'Rider', 'Win', 'Yes'),
('MS', '2012-10-26', '07:00:00', 'PM', 'Buffalo, NY', 'Canisius', 'Win', 'Yes'),
('MS', '2012-10-28', '01:00:00', 'PM', 'Niagara Univ., NY', 'Niagara', 'Lose', 'Yes'),
('MSD', '2012-10-19', '09:00:00', 'AM', 'Chestnut Hill, MA', 'NE Catholic Invite - Events 1-10', 'Win', 'No'),
('MSD', '2012-10-20', '01:00:00', 'PM', 'Chestnut Hill, MA', 'Regis', 'Win', 'No'),
('MSD', '2012-10-20', '03:00:00', 'PM', 'Chestnut Hill, MA', 'Holy Cross', 'Win', 'No'),
('MSD', '2012-10-20', '04:00:00', 'PM', 'Chestnut Hill, MA', 'Providence', 'Win', 'No'),
('MSD', '2012-10-20', '04:30:00', 'PM', 'Chestnut Hill, MA', 'Niagara', 'Lose', 'Yes'),
('MSD', '2012-10-20', '09:00:00', 'AM', 'Chestnut Hill, MA', 'Boston College', 'Lose', 'No'),
('MSD', '2012-10-20', '11:00:00', 'AM', 'Chestnut Hill, MA', 'Le Moyne', 'Win', 'No'),
('MSD', '2012-10-27', '09:00:00', 'AM', 'New Rochelle, NY', 'St. Francis (NY)', 'Win', 'No'),
('MSD', '2012-11-30', '05:00:00', 'PM', 'Baltimore, MD', 'Loyola Invitational - Day 1', 'Win', 'Yes'),
('MSD', '2012-12-01', '09:00:00', 'AM', 'Baltimore, MD', 'Loyola Invitational - Day 2', 'Lose', 'Yes'),
('MSD', '2013-01-06', '09:00:00', 'AM', 'San Juan, PR', 'Intersession Training Trip', 'Win', 'No'),
('MSD', '2013-01-07', '09:00:00', 'AM', 'San Juan, PR', 'Intersession Training Trip', 'Lose', 'No'),
('MSD', '2013-01-08', '09:00:00', 'AM', 'San Juan, PR', 'Intersession Training Trip', 'Win', 'No'),
('MSD', '2013-01-09', '09:00:00', 'AM', 'San Juan, PR', 'Intersession Training Trip', 'Lose', 'No'),
('MSD', '2013-01-10', '09:00:00', 'AM', 'San Juan, PR', 'Intersession Training Trip', 'Win', 'No'),
('MSD', '2013-01-11', '09:00:00', 'AM', 'San Juan, PR', 'Intersession Training Trip', 'Lose', 'No'),
('MSD', '2013-01-12', '09:00:00', 'AM', 'San Juan, PR', 'Intersession Training Trip', 'Lose', 'No'),
('MSD', '2013-01-13', '09:00:00', 'AM', 'San Juan, PR', 'Intersession Training Trip', 'Win', 'No'),
('MSD', '2013-01-18', '04:00:00', 'PM', 'Bronx, NY', 'Fordham', 'Lose', 'No'),
('MSD', '2013-01-22', '05:00:00', 'PM', 'New Rochelle, NY', 'Saint Peter''s', 'Win', 'Yes'),
('MSD', '2013-01-26', '11:00:00', 'AM', 'New Rochelle, NY', 'Fairfield', 'Win', 'Yes'),
('MSD', '2013-02-14', '08:00:00', 'AM', 'Buffalo, NY', 'MAAC Championships - Day 1', 'Lose', 'No'),
('MSD', '2013-02-15', '08:00:00', 'AM', 'Buffalo, NY', 'MAAC Championships - Day 2', 'Win', 'No'),
('MSD', '2013-02-16', '08:00:00', 'AM', 'Buffalo, NY', 'MAAC Championships - Day 3', 'Win', 'No'),
('MWP', '2012-09-01', '02:30:00', 'PM', 'Annapolis, MD', 'George Washington', 'Lose', 'No'),
('MWP', '2012-09-01', '06:00:00', 'PM', 'Annapolis, MD', 'Navy', 'Lose', 'No'),
('MWP', '2012-09-01', '08:40:00', 'AM', 'Annapolis, MD', 'Gannon', 'Win', 'No'),
('MWP', '2012-09-02', '09:30:00', 'AM', 'Annapolis, MD', 'Bucknell', 'Win', 'No'),
('MWP', '2012-09-15', '08:30:00', 'PM', 'Cambridge, MA', 'George Washington', 'Lose', 'No'),
('MWP', '2012-09-15', '12:00:00', 'PM', 'Cambridge, MA', 'Princeton', 'Lose', 'No'),
('MWP', '2012-09-16', '09:00:00', 'AM', 'Cambridge, MA', 'Mercyhurst', 'Win', 'No'),
('MWP', '2012-09-20', '08:00:00', 'PM', 'New Rochelle, NY', 'St. Francis (NY)', 'Lose', 'Yes'),
('MWP', '2012-09-22', '03:00:00', 'PM', 'Cambridge, MA', 'MIT', 'Win', 'Yes'),
('MWP', '2012-09-22', '09:00:00', 'PM', 'Cambridge, MA', 'Havard', 'Lose', 'Yes'),
('MWP', '2012-09-29', '02:00:00', 'PM', 'New Rochelle, NY', 'Brown', 'Win', 'Yes'),
('MWP', '2012-09-29', '07:00:00', 'PM', 'New Rochelle, NY', 'Connecticut College', 'Win', 'Yes'),
('MWP', '2012-10-04', '06:00:00', 'PM', 'Riverside, CA', 'Cal Baptist', 'Lose', 'No'),
('MWP', '2012-10-04', '10:00:00', 'PM', 'Whittier, CA', 'Whittier', 'Win', 'No'),
('MWP', '2012-10-05', '03:20:00', 'PM', 'Claremont, CA', 'Concordia', 'Lose', 'No'),
('MWP', '2012-10-05', '08:40:00', 'PM', 'Claremont, CA', 'California Lutheran', 'Win', 'No'),
('MWP', '2012-10-06', '01:00:00', 'PM', 'Claremont, CA', 'Loyola Marymount', 'Lose', 'No'),
('MWP', '2012-10-06', '05:00:00', 'PM', 'Claremont, CA', 'Calfornia Institute of Technology', 'Win', 'No'),
('MWP', '2012-10-07', '12:00:00', 'PM', 'Santa Barbara, CA', 'UC Santa Barbara', 'Win', 'No'),
('MWP', '2012-10-20', '02:00:00', 'PM', 'Princeton, NJ', 'George Washington', 'Lose', 'No'),
('MWP', '2012-10-20', '10:00:00', 'AM', 'Princeton, NJ', 'Princeton', 'Win', 'No'),
('MWP', '2012-10-21', '08:00:00', 'AM', 'Greenwich, CT', 'Mercyhurst', 'Lose', 'No'),
('MWP', '2012-10-24', '07:30:00', 'PM', 'Bronx, NY', 'Fordham', 'Lose', 'Yes'),
('MWP', '2012-11-03', '03:00:00', 'PM', 'Providence, RI', 'Connecticut College', 'Win', 'Yes'),
('MWP', '2012-11-03', '09:30:00', 'AM', 'Providence, RI', 'MIT', 'Lose', 'Yes'),
('MWP', '2012-11-04', '09:00:00', 'AM', 'Providence, RI', 'Fordham', 'Win', 'Yes'),
('WBB', '2012-11-03', '01:00:00', 'PM', 'Philadelphia, PA', 'Philadelphia University', 'Win', 'No'),
('WBB', '2012-11-09', '11:00:00', 'AM', 'New Rochelle, NY', 'Navy', 'Win', 'No'),
('WBB', '2012-11-11', '05:00:00', 'PM', 'Long Beach, CA', 'Long Beach State', 'Win', 'No'),
('WBB', '2012-11-16', '06:00:00', 'PM', 'Greensboro, NC', 'North Carolina A&T', 'Lose', 'No'),
('WBB', '2012-11-18', '02:00:00', 'PM', 'Durham, NC', 'Duke', 'Lose', 'No'),
('WBB', '2012-11-21', '02:00:00', 'PM', 'Jamaica, NY', 'St. John''s', 'Lose', 'No'),
('WBB', '2012-11-28', '12:00:00', 'PM', 'Providence, RI', 'Providence', 'Win', 'No'),
('WBB', '2012-12-01', '04:00:00', 'PM', 'Staten Island, NY', 'Wagner', 'Win', 'No'),
('WBB', '2012-12-05', '07:00:00', 'PM', 'New Rochelle, NY', 'Bryant', 'Lose', 'No'),
('WBB', '2012-12-07', '07:00:00', 'PM', 'New York, NY', 'Columbia', 'Lose', 'No'),
('WBB', '2012-12-21', '02:00:00', 'PM', 'New Rochelle, NY', 'Colgate', 'Win', 'No'),
('WBB', '2012-12-30', '02:00:00', 'PM', 'Stony Brook, NY', 'Stony Brook', 'Lose', 'No'),
('WBB', '2013-01-04', '07:00:00', 'PM', 'Niagara University, NY', 'Niagara', 'Win', 'Yes'),
('WBB', '2013-01-06', '03:00:00', 'PM', 'Buffalo, NY', 'Canisius', 'Lose', 'Yes'),
('WBB', '2013-01-10', '12:00:00', 'PM', 'New Rochelle, NY', 'Manhattan', 'Win', 'Yes'),
('WBB', '2013-01-13', '02:00:00', 'PM', 'Poughkeepsie, NY', 'Marist', 'Win', 'Yes'),
('WBB', '2013-01-18', '06:00:00', 'PM', 'New Rochelle, NY', 'Fairfield', 'Lose', 'Yes'),
('WBB', '2013-01-20', '02:00:00', 'PM', 'New Rochelle, NY', 'Saint Peter''s', 'Win', 'Yes'),
('WBB', '2013-01-24', '07:00:00', 'PM', 'New Rochelle, NY', 'Niagara', 'Win', 'Yes'),
('WBB', '2013-01-27', '02:30:00', 'PM', 'Baltimore, MD', 'Loyola Maryland', 'Lose', 'Yes'),
('WBB', '2013-01-31', '07:00:00', 'PM', 'Loudonville, NY', 'Siena', 'Win', 'Yes'),
('WBB', '2013-02-03', '02:00:00', 'PM', 'Fairfield, CT', 'Fairfield', 'Win', 'Yes'),
('WBB', '2013-02-07', '04:30:00', 'PM', 'New Rochelle, NY', 'Marist', 'Lose', 'Yes'),
('WBB', '2013-02-09', '04:00:00', 'PM', 'New Rochelle, NY', 'Rider', 'Win', 'Yes'),
('WBB', '2013-02-14', '07:00:00', 'PM', 'Jersey City, NJ', 'Saint Peter''s', 'Lose', 'Yes'),
('WBB', '2013-02-16', '02:00:00', 'PM', 'New Rochelle, NY', 'Canisius', 'Win', 'Yes'),
('WBB', '2013-02-22', '07:00:00', 'PM', 'New Rochelle, NY', 'Loyola Maryland', 'Lose', 'Yes'),
('WBB', '2013-02-24', '02:00:00', 'PM', 'New Rochelle, NY', 'Siena', 'Lose', 'Yes'),
('WBB', '2013-02-28', '07:00:00', 'PM', 'Riverdale, NY', 'Manhattan', 'Win', 'Yes'),
('WBB', '2013-03-03', '02:00:00', 'PM', 'Lawrenceville, NJ', 'Rider', 'Lose', 'Yes'),
('WCCTF', '2012-09-01', '09:00:00', 'AM', 'Poughkeepsie, NY - Bowdoin Park', 'Marist Invitational', 'Lose', 'No'),
('WCCTF', '2012-09-15', '09:30:00', 'AM', 'Van Cortlandt Park', 'Br. Doyle Meet of Champions', 'Lose', 'No'),
('WCCTF', '2012-09-29', '11:45:00', 'AM', 'Louisville, KY - U. of Louisville', 'Greater Louisville Classic - Gold Race', 'Lose', 'No'),
('WCCTF', '2012-10-05', '02:00:00', 'PM', 'Van Cortlandt Park', 'Metropolitan Championship', 'Win', 'No'),
('WCCTF', '2012-10-12', '12:00:00', 'PM', 'Madison, WI - U. of Wisconsin', 'Wisconsin Adidas Invitational', 'Lose', 'No'),
('WCCTF', '2012-10-13', '10:00:00', 'AM', 'Princeton, NJ - Princeton U.', 'Princeton Invitational', 'Win', 'No'),
('WCCTF', '2012-10-27', '08:45:00', 'AM', 'Lake Buena Vista, Fl - Disney''s Wide World of Sports', 'MAAC Championship', 'Win', 'Yes'),
('WCCTF', '2012-11-09', '12:00:00', 'PM', 'Madison, CT - Hammonasset State Park', 'NCAA Northeast Regional Championship', 'Lose', 'No'),
('WCCTF', '2012-11-17', '10:30:00', 'AM', 'Van Cortlandt Park', 'ECAC Championship', 'Lose', 'No'),
('WL', '2012-09-30', '01:50:00', 'PM', 'Hempstead, NY', 'NYAC', 'Win', 'No'),
('WL', '2012-09-30', '03:25:00', 'PM', 'Hempstead, NY', 'Team HEADstrong', 'Lose', 'No'),
('WL', '2012-09-30', '09:00:00', 'AM', 'Hempstead, NY', 'Hofstra', 'Lose', 'No'),
('WL', '2012-09-30', '10:40:00', 'AM', 'Hempstead, NY', 'Long Island', 'Win', 'No'),
('WL', '2012-10-13', '02:45:00', 'PM', 'New York, NY', 'Columbia', 'Win', 'No'),
('WL', '2012-10-13', '11:15:00', 'AM', 'New York, NY', 'USC', 'Lose', 'No'),
('WL', '2012-10-13', '12:25:00', 'PM', 'New York, NY', 'Stony Brook', 'Win', 'No'),
('WL', '2012-10-27', '01:10:00', 'PM', 'New Rochelle, NY', 'NYAC', 'Lose', 'No'),
('WL', '2012-10-27', '02:50:00', 'PM', 'New Rochelle, NY', 'Wales', 'Lose', 'No'),
('WL', '2012-10-27', '05:20:00', 'PM', 'New Rochelle, NY', 'CW Post', 'Win', 'No'),
('WL', '2012-10-27', '11:30:00', 'AM', 'New Rochelle, NY', 'Sacred Heart', 'Win', 'No'),
('WR', '2012-10-06', '07:00:00', 'AM', 'Shelton, CT', 'Head of the Housatonic', 'Win', 'No'),
('WR', '2012-10-20', '07:00:00', 'AM', 'Boston, MA', 'Head of the Charles', 'Win', 'No'),
('WR', '2012-10-28', '07:00:00', 'AM', 'New Rochelle, NY', 'Fall Metropolitan Championship', 'Lose', 'No'),
('WR', '2013-04-06', '07:00:00', 'AM', 'Shelton, CT', 'Sacred Heart Invitational', 'Win', 'No'),
('WR', '2013-04-07', '07:00:00', 'AM', 'Shelton, CT', 'Sacred Heart Invitational', 'Lose', 'No'),
('WR', '2013-04-13', '07:00:00', 'AM', 'New Rochelle, NY', 'Spring Metropolitan Championship', 'Win', 'No'),
('WR', '2013-04-20', '07:00:00', 'AM', 'West Point, NY', 'President''s Cup', 'Win', 'No'),
('WR', '2013-04-27', '07:00:00', 'AM', 'Lake Mercer, NJ', 'MAAC Championships', 'Lose', 'Yes'),
('WR', '2013-05-10', '07:00:00', 'AM', 'Philadelphia, PA', 'Dad Vail Regatta', 'Win', 'No'),
('WR', '2013-05-11', '07:00:00', 'AM', 'Philadelphia, PA', 'Dad Vail Regatta', 'Lose', 'No'),
('WS', '2012-08-10', '01:00:00', 'PM', 'Fairfield, CT', 'Scared Heart', 'Win', 'No'),
('WS', '2012-08-12', '01:45:00', 'PM', 'New Rochelle, NY', 'Lafayette', 'Win', 'No'),
('WS', '2012-08-17', '04:00:00', 'PM', 'New Rochelle, NY', 'Fairleigh Dickinson', 'Win', 'No'),
('WS', '2012-08-20', '07:00:00', 'PM', 'South Orange, NJ', 'Seton Hall', 'Lose', 'No'),
('WS', '2012-08-25', '04:00:00', 'PM', 'Philadelphia, PA', 'La Salle', 'Lose', 'No'),
('WS', '2012-08-31', '04:00:00', 'PM', 'New Rochelle, NY', 'Rhode Island', 'Win', 'No'),
('WS', '2012-09-07', '04:00:00', 'PM', 'Ambler, PA', 'Temple', 'Lose', 'No'),
('WS', '2012-09-09', '01:00:00', 'PM', 'Philadelphia, PA', 'Saint Joseph''s', 'Win', 'No'),
('WS', '2012-09-14', '07:00:00', 'PM', 'New Have, CT', 'Yale', 'Lose', 'No'),
('WS', '2012-09-16', '07:00:00', 'PM', 'Newark, NJ', 'N.J.I.T.', 'Win', 'No'),
('WS', '2012-09-20', '07:00:00', 'PM', 'West Hartford, CT', 'Hartford', 'Lose', 'No'),
('WS', '2012-09-28', '07:00:00', 'PM', 'Baltimore, MD', 'Loyola Maryland', 'Lose', 'Yes'),
('WS', '2012-09-30', '03:00:00', 'PM', 'Lawrenceville, NJ', 'Rider', 'Win', 'Yes'),
('WS', '2012-10-05', '03:00:00', 'PM', 'New Rochelle, NY', 'Canisius', 'Win', 'Yes'),
('WS', '2012-10-07', '01:00:00', 'PM', 'New Rochelle, NY', 'Niagara', 'Win', 'Yes'),
('WS', '2012-10-12', '04:00:00', 'PM', 'Loudonville, NY', 'Siena', 'Win', 'Yes'),
('WS', '2012-10-14', '01:00:00', 'PM', 'Poughkeepsie, NY', 'Marist', 'Lose', 'Yes'),
('WS', '2012-10-20', '12:00:00', 'PM', 'New Rochelle, NY', 'Fairfield', 'Lose', 'Yes'),
('WS', '2012-10-26', '03:00:00', 'PM', 'New Rochelle, NY', 'Manhattan', 'Win', 'Yes'),
('WS', '2012-10-28', '01:00:00', 'PM', 'New Rochelle, NY', 'Saint Peter''s', 'Win', 'Yes'),
('WS', '2012-11-02', '07:00:00', 'PM', 'Poughkeepsie, NY', 'Marist', 'Win', 'Yes'),
('WSB', '2012-03-15', '02:00:00', 'PM', 'New Rochelle, NY', 'Penn State', 'Win', 'No'),
('WSB', '2012-09-22', '03:00:00', 'PM', 'Jamaica, NY', 'FDU', 'Win', 'No'),
('WSB', '2012-09-22', '10:00:00', 'AM', 'Jamaica, NY', 'St. John''s', 'Lose', 'No'),
('WSB', '2012-09-23', '01:00:00', 'PM', 'Piscataway, NJ', 'Monmouth', 'Win', 'No'),
('WSB', '2012-09-23', '10:30:00', 'AM', 'Piscataway, NJ', 'Rutgers', 'Win', 'No'),
('WSB', '2012-09-29', '02:00:00', 'PM', 'Allentown, PA', 'Saint Joseph''s', 'Win', 'No'),
('WSB', '2012-09-29', '11:45:00', 'AM', 'Allentown, PA', 'Villanova', 'Lose', 'No'),
('WSB', '2012-10-07', '02:00:00', 'PM', 'Orangeburg, NY', 'Dominican College', 'Win', 'No'),
('WSB', '2012-10-07', '12:00:00', 'PM', 'Orangeburg, NY', 'Dominican College', 'Win', 'No'),
('WSD', '2012-10-19', '09:00:00', 'AM', 'Chestnut Hill, MA', 'NE Catholic Invite - Events 1-10', 'Win', 'No'),
('WSD', '2012-10-20', '01:00:00', 'PM', 'Chestnut Hill, MA', 'Siena', 'Lose', 'Yes'),
('WSD', '2012-10-20', '02:00:00', 'PM', 'Chestnut Hill, MA', 'Holy Cross', 'Win', 'No'),
('WSD', '2012-10-20', '03:00:00', 'PM', 'Chestnut Hill, MA', 'Providence', 'Lose', 'No'),
('WSD', '2012-10-20', '04:00:00', 'PM', 'Chestnut Hill, MA', 'Regis', 'Win', 'No'),
('WSD', '2012-10-20', '09:00:00', 'AM', 'Chestnut Hill, MA', 'Niagara', 'Lose', 'Yes'),
('WSD', '2012-10-20', '10:00:00', 'AM', 'Chestnut Hill, MA', 'Assumption', 'Lose', 'No'),
('WSD', '2012-10-20', '11:00:00', 'AM', 'Chestnut Hill, MA', 'LeMoyne', 'Win', 'No'),
('WSD', '2012-10-20', '12:00:00', 'PM', 'Chestnut Hill, MA', 'Boston College', 'Lose', 'No'),
('WSD', '2012-10-27', '09:00:00', 'AM', 'New Rochelle, NY', 'Sacred Heart', 'Win', 'No'),
('WSD', '2012-10-27', '10:00:00', 'AM', 'New Rochelle, NY', 'St. Francis (NY)', 'Win', 'No'),
('WSD', '2012-10-27', '11:00:00', 'AM', 'New Rochelle, NY', 'Wagner', 'Lose', 'No'),
('WSD', '2012-11-30', '05:00:00', 'PM', 'Baltimore, MD', 'Loyola Invitational - Day 1', 'Win', 'Yes'),
('WSD', '2012-12-01', '09:00:00', 'AM', 'Baltimore, MD', 'Loyola Invitational - Day 2', 'Lose', 'Yes'),
('WSD', '2013-01-06', '09:00:00', 'AM', 'San Juan, PR', 'Intersession Training Trip', 'Win', 'No'),
('WSD', '2013-01-07', '09:00:00', 'AM', 'San Juan, PR', 'Intersession Training Trip', 'Lose', 'No'),
('WSD', '2013-01-08', '09:00:00', 'AM', 'San Juan, PR', 'Intersession Training Trip', 'Win', 'No'),
('WSD', '2013-01-09', '09:00:00', 'AM', 'San Juan, PR', 'Intersession Training Trip', 'Lose', 'No'),
('WSD', '2013-01-10', '09:00:00', 'AM', 'San Juan, PR', 'Intersession Training Trip', 'Win', 'No'),
('WSD', '2013-01-11', '09:00:00', 'AM', 'San Juan, PR', 'Intersession Training Trip', 'Lose', 'No'),
('WSD', '2013-01-12', '09:00:00', 'AM', 'San Juan, PR', 'Intersession Training Trip', 'Win', 'No'),
('WSD', '2013-01-13', '09:00:00', 'AM', 'San Juan, PR', 'Intersession Training Trip', 'Win', 'No'),
('WSD', '2013-01-18', '04:00:00', 'PM', 'Bronx, NY', 'Fordham', 'Lose', 'No'),
('WSD', '2013-01-22', '05:00:00', 'PM', 'New Rochelle, NY', 'Saint Peter''s', 'Win', 'Yes'),
('WSD', '2013-01-26', '11:00:00', 'AM', 'New Rochelle, NY', 'Fairfield', 'Win', 'Yes'),
('WSD', '2013-02-14', '09:00:00', 'AM', 'Buffalo, NY', 'MAAC Championships - Day 1', 'Lose', 'Yes'),
('WSD', '2013-02-15', '09:00:00', 'AM', 'Buffalo, NY', 'MAAC Championships - Day 2', 'Lose', 'Yes'),
('WSD', '2013-02-16', '09:00:00', 'AM', 'Buffalo, NY', 'MAAC Championships - Day 3', 'Win', 'Yes'),
('WV', '2012-08-24', '07:00:00', 'PM', 'Los Angeles, CA', 'UC Santa Barbara', 'Lose', 'No'),
('WV', '2012-08-25', '03:00:00', 'PM', 'Los Angeles, CA', 'Loyola Marymount', 'Lose', 'No'),
('WV', '2012-08-25', '07:30:00', 'PM', 'Los Angeles, CA', 'Connecticut', 'Win', 'No'),
('WV', '2012-08-29', '07:00:00', 'PM', 'New Rochelle, NY', 'N.J.I.T.', 'Win', 'No'),
('WV', '2012-08-31', '04:30:00', 'PM', 'Piscatawy, NJ', 'Rhode Island', 'Lose', 'No'),
('WV', '2012-08-31', '10:00:00', 'AM', 'Piscatawy, NJ', 'Rutgers', 'Lose', 'No'),
('WV', '2012-09-01', '12:00:00', 'PM', 'Piscatawy, NJ', 'New Hampsire', 'Win', 'No'),
('WV', '2012-09-07', '06:30:00', 'PM', 'Tuscon, AZ', 'Lipscomb', 'Win', 'No'),
('WV', '2012-09-07', '12:30:00', 'PM', 'Tuscon, AZ', 'Arizona', 'Lose', 'No'),
('WV', '2012-09-08', '12:30:00', 'PM', 'Tuscon, AZ', 'Texas Christian', 'Lose', 'No'),
('WV', '2012-09-15', '02:00:00', 'PM', 'New Rochelle, NY', 'Manhattan', 'Win', 'Yes'),
('WV', '2012-09-16', '02:00:00', 'PM', 'New Rochelle, NY', 'Saint Peter''s', 'Win', 'Yes'),
('WV', '2012-09-18', '07:00:00', 'PM', 'Jamaica, NY', 'St. John''s', 'Lose', 'No'),
('WV', '2012-09-21', '07:00:00', 'PM', 'New Rochelle, NY', 'Fairfield', 'Win', 'Yes'),
('WV', '2012-09-29', '07:00:00', 'PM', 'Baltimore, MD', 'Loyola Maryland', 'Lose', 'Yes'),
('WV', '2012-09-30', '01:00:00', 'PM', 'Lawrenceville, NJ', 'Rider', 'Lose', 'Yes'),
('WV', '2012-10-03', '07:00:00', 'PM', 'New Rochelle, NY', 'Hofstra', 'Win', 'Yes'),
('WV', '2012-10-06', '06:00:00', 'PM', 'New Rochelle, NY', 'Marist', 'Lose', 'Yes'),
('WV', '2012-10-07', '04:00:00', 'PM', 'New Rochelle, NY', 'Siena', 'Win', 'Yes'),
('WV', '2012-10-11', '02:00:00', 'PM', 'New Rochelle, NY', 'Niagara', 'Win', 'Yes'),
('WV', '2012-10-13', '02:00:00', 'PM', 'Niagara Univ., NY', 'Niagara', 'Lose', 'Yes'),
('WV', '2012-10-14', '02:00:00', 'PM', 'Buffalo, NY', 'Canisius', 'Win', 'Yes'),
('WV', '2012-10-17', '07:00:00', 'PM', 'Loudonville, NY', 'Siena', 'Win', 'Yes'),
('WV', '2012-10-20', '02:00:00', 'PM', 'Riverdale, NY', 'Manhattan', 'Lose', 'Yes'),
('WV', '2012-10-21', '02:00:00', 'PM', 'Jersey City, NJ', 'Saint Peter''s', 'Win', 'Yes'),
('WV', '2012-10-24', '07:00:00', 'PM', 'Poughkeepsie, NY', 'Marist', 'Lose', 'Yes'),
('WV', '2012-10-27', '02:00:00', 'PM', 'Fairfield, CT', 'Fairfield', 'Lose', 'Yes'),
('WV', '2012-11-05', '07:00:00', 'PM', 'New Rochelle, NY', 'Rider', 'Win', 'Yes'),
('WV', '2012-11-10', '02:00:00', 'PM', 'New Rochelle, NY', 'Canisuis', 'Win', 'Yes'),
('WWP', '2012-01-02', '04:00:00', 'PM', 'Miami, FL', 'Florida Atlantic', 'Win', 'No'),
('WWP', '2012-01-03', '04:00:00', 'PM', 'Miami, FL', 'UCF', 'Win', 'No'),
('WWP', '2012-01-05', '04:00:00', 'PM', 'Miami, FL', 'Alabama', 'Lose', 'No'),
('WWP', '2012-01-12', '03:30:00', 'PM', 'New Rochelle, NY', 'Penn State', 'Win', 'No'),
('WWP', '2012-01-19', '12:30:00', 'PM', 'New Rochelle, NY', 'Army', 'Win', 'No'),
('WWP', '2012-01-22', '04:00:00', 'PM', 'Piscataway, NJ', 'Rutgers', 'Lose', 'No'),
('WWP', '2012-02-05', '01:00:00', 'AM', 'Niagara Univ., NY', 'Niagara', 'Lose', 'Yes'),
('WWP', '2012-02-06', '04:00:00', 'PM', 'New Rochelle, NY', 'St. John', 'Win', 'No');

--
-- Triggers `schedule`
--
DROP TRIGGER IF EXISTS `delete_numofGames`;
DELIMITER //
CREATE TRIGGER `delete_numofGames` AFTER DELETE ON `schedule`
 FOR EACH ROW begin
update stats
set Num_Games = num_Games -1
where stats.sportID = old.sportID;

update stats
set home_wins = home_wins - 1 
where stats.sportID = old.sportID;

update stats
set away_wins = away_wins - 1 
where stats.sportID = old.sportID;

update stats
set win_loss_percent = ((away_wins + home_wins)/num_games) *100
where stats.sportID = old.sportID;
end
//
DELIMITER ;
DROP TRIGGER IF EXISTS `numofGames`;
DELIMITER //
CREATE TRIGGER `numofGames` AFTER INSERT ON `schedule`
 FOR EACH ROW begin
update stats
set Num_Games = (select count(*) from schedule where sportID = new.sportID  
group by sportID)
where stats.sportID = new.sportID;

update stats
set Home_Wins = (
select count(*)
from schedule
where sportID = new.sportID and (location like '%Rochelle%' or 
location like 'Van Cor%') and Status like 'Win'
group by sportid)
where stats.sportID = new.sportID;

update stats
set Away_Wins = (
select count(*)
from schedule
where sportID = new.sportID and (not(location like '%Rochelle%' 
or location like 'Van Cor%') )and Status like 'Win'
group by sportID)
where stats.sportID = new.sportID;

update stats
set win_loss_percent = ((away_wins + home_wins)/num_games) *100
where stats.sportID = new.sportID;
end
//
DELIMITER ;

-- --------------------------------------------------------

--
-- Table structure for table `sports`
--

DROP TABLE IF EXISTS `sports`;
CREATE TABLE `sports` (
  `sportID` varchar(5) NOT NULL,
  `Sport_Name` text,
  `Season` text,
  PRIMARY KEY (`sportID`)
) ENGINE=InnoDB DEFAULT CHARSET=latin1;

--
-- Dumping data for table `sports`
--

INSERT INTO `sports` (`sportID`, `Sport_Name`, `Season`) VALUES
('MB', 'Baseball', 'Spring'),
('MBB', 'Men''s Basketball', 'Winter'),
('MCCTF', 'Men''s Cross Country/Track & Field', 'All year'),
('MG', 'Golf', 'Fall'),
('MR', 'Men''s Rowing', 'All year'),
('MS', 'Men''s Soccer', 'Fall'),
('MSD', 'Men''s Swimming & Diving', 'Winter'),
('MWP', 'Men''s Water Polo', 'Fall'),
('WBB', 'Women''s Basketball', 'Winter'),
('WCCTF', 'Women''s Cross Country/Track & Field', 'All year'),
('WL', 'Lacrosse', 'Fall'),
('WR', 'Women''s Rowing', 'All year'),
('WS', 'Women''s Soccer', 'Fall'),
('WSB', 'Softball', 'Spring'),
('WSD', 'Women''s Swimming & Diving', 'Winter'),
('WV', 'Volleyball', 'Fall'),
('WWP', 'Women''s Water Polo', 'Spring');

-- --------------------------------------------------------

--
-- Table structure for table `stats`
--

DROP TABLE IF EXISTS `stats`;
CREATE TABLE `stats` (
  `sportID` varchar(6) NOT NULL,
  `Win_Loss_Percent` decimal(10,0) DEFAULT NULL,
  `Num_Games` int(11) DEFAULT '0',
  `Num_Athletes` int(11) DEFAULT '0',
  `Away_Wins` decimal(10,0) DEFAULT '0',
  `Home_Wins` decimal(10,0) DEFAULT '0',
  PRIMARY KEY (`sportID`)
) ENGINE=InnoDB DEFAULT CHARSET=latin1;

--
-- Dumping data for table `stats`
--

INSERT INTO `stats` (`sportID`, `Win_Loss_Percent`, `Num_Games`, `Num_Athletes`, `Away_Wins`, `Home_Wins`) VALUES
('MB', 60, 10, 39, 3, 3),
('MBB', 50, 26, 13, 6, 7),
('MCCTF', 55, 11, 26, 5, 1),
('MG', 50, 12, 9, 5, 1),
('MR', 50, 10, 23, 4, 1),
('MS', 65, 17, 31, 7, 4),
('MSD', 63, 24, 23, 12, 3),
('MWP', 50, 26, 22, 11, 2),
('WBB', 53, 30, 15, 9, 7),
('WCCTF', 33, 9, 20, 2, 1),
('WL', 55, 11, 25, 4, 2),
('WR', 60, 10, 30, 5, 1),
('WS', 62, 21, 28, 6, 7),
('WSB', 78, 9, 13, 6, 1),
('WSD', 54, 28, 23, 11, 4),
('WV', 52, 29, 16, 6, 9),
('WWP', 50, 8, 19, 1, 3);

-- --------------------------------------------------------

--
-- Table structure for table `Users`
--

DROP TABLE IF EXISTS `Users`;
CREATE TABLE `Users` (
  `UserId` int(11) NOT NULL AUTO_INCREMENT,
  `First_Name` text,
  `Last_Name` text,
  `Password` text,
  `Email` text,
  `AccountType` int(11) DEFAULT '1',
  PRIMARY KEY (`UserId`)
) ENGINE=InnoDB  DEFAULT CHARSET=latin1 AUTO_INCREMENT=12 ;

--
-- Dumping data for table `Users`
--

INSERT INTO `Users` (`UserId`, `First_Name`, `Last_Name`, `Password`, `Email`, `AccountType`) VALUES
(1, 'Kester', 'Guischard', 'a94a8fe5ccb19ba61c4c0873d391e987982fbbd3', 'kguischard1@iona.edu', 1),
(2, 'First', 'Admin', 'a94a8fe5ccb19ba61c4c0873d391e987982fbbd3', 'admin1', 0),
(3, 'Evan', 'Johnson', 'a94a8fe5ccb19ba61c4c0873d391e987982fbbd3', 'ejohnson1@iona.edu', 1),
(5, 'John', 'Doe', 'a94a8fe5ccb19ba61c4c0873d391e987982fbbd3', 'jdoe@yahoo.com', 1),
(7, 'Jane', 'Doe', 'a94a8fe5ccb19ba61c4c0873d391e987982fbbd3', 'janedoe@yahoo.com', 1),
(11, 'kester', 'grimm', 'a94a8fe5ccb19ba61c4c0873d391e987982fbbd3', 'kgrim@iona.edu', 1);

--
-- Constraints for dumped tables
--

--
-- Constraints for table `FavoriteAthletes`
--
ALTER TABLE `FavoriteAthletes`
  ADD CONSTRAINT `fk_FavoriteAthletes_Athletes1` FOREIGN KEY (`Athletes_athID`) REFERENCES `mydb`.`Athletes` (`athID`) ON DELETE NO ACTION ON UPDATE NO ACTION,
  ADD CONSTRAINT `fk_FavoriteAthletes_Users1` FOREIGN KEY (`Users_UserId`) REFERENCES `mydb`.`Users` (`UserId`) ON DELETE NO ACTION ON UPDATE NO ACTION;
